time,value
1761200453.6179538,0.09934283060224654
1761200453.622954,0.047695763200939115
1761200453.6279538,0.2799375878973036
1761200453.632954,0.5294635487844747
1761200453.6379538,0.2515971896531585
1761200453.6429539,0.32399300186010077
1761200453.6479537,0.7575920263230917
1761200453.6529539,0.664422095708669
1761200453.6579537,0.484209531735068
1761200453.6629539,0.7515041626919888
1761200453.6679537,0.6126587641884753
1761200453.6729538,0.6717628369843761
1761200453.6779537,0.8698489814276331
1761200453.6829538,0.49210630397413424
1761200453.6879537,0.5796323248283404
1761200453.6929538,0.8583628874017423
1761200453.6979537,0.8106272865355334
1761200453.7029538,1.1144174825716913
1761200453.7079537,0.9041876478549813
1761200453.7129538,0.8332710427988432
1761200453.7179537,1.434397573338495
1761200453.7229538,1.1171445332570502
1761200453.7279537,1.192250341812011
1761200453.7329538,0.905588004334682
1761200453.7379537,1.0887555292088893
1761200453.7429538,1.2221845179419732
1761200453.747954,0.9674333586294653
1761200453.7529538,1.2656772452465075
1761200453.757954,1.0586169628906652
1761200453.7629538,1.103961043395702
1761200453.7679539,1.020926497108305
1761200453.7729537,1.4861874199676892
1761200453.7779539,1.0830930180116365
1761200453.7829537,0.840025830261456
1761200453.7879539,1.1777024930230557
1761200453.7929537,0.7266516632557324
1761200453.7979538,0.9663886103318982
1761200453.8029537,0.4828283281297386
1761200453.8079538,0.5558193173347405
1761200453.8129537,0.8042810348722526
1761200453.8179538,0.85303561875005
1761200453.8229537,0.67726581021279
1761200453.8279538,0.5549747524444106
1761200453.8329537,0.45071441076022967
1761200453.8379538,0.14604506514812826
1761200453.8429537,0.22685155157099526
1761200453.8479538,0.20630011040586826
1761200453.8529537,0.4362820227466526
1761200453.8579538,0.21912353819085773
1761200453.8629537,-0.2772594076373705
1761200453.8679538,0.06481679387895915
1761200453.872954,-0.1523650795184393
1761200453.8779538,-0.2857842803383569
1761200453.882954,-0.10252231973469614
1761200453.8879538,-0.09222796009863579
1761200453.8929539,-0.18456436942669754
1761200453.8979537,-0.6095929678661417
1761200453.9029539,-0.5727776250483301
1761200453.9079537,-0.5118517226413452
1761200453.9129539,-0.44788312855032386
1761200453.9179537,-0.8011771503200257
1761200453.9229538,-0.802040583031191
1761200453.9279537,-1.0427235219156321
1761200453.9329538,-1.1140036777218278
1761200453.9379537,-0.7621107268521077
1761200453.9429538,-0.6995723875357722
1761200453.9479537,-1.027595534918485
1761200453.9529538,-0.8508614364742313
1761200453.9579537,-1.0134652579496968
1761200453.9629538,-1.2447557339869266
1761200453.9679537,-1.0689886984525012
1761200453.9729538,-0.8546924800611633
1761200453.9779537,-1.1859099086964169
1761200453.9829538,-0.8776089104145719
1761200453.9879537,-1.7215810949318748
1761200453.9929538,-1.0356194991249552
1761200453.997954,-1.1802226604662918
1761200454.0029538,-1.250339111670547
1761200454.007954,-1.160392545567326
1761200454.0129538,-1.5598135762745358
1761200454.0179539,-1.1852021971216866
1761200454.0229537,-1.0443092687635522
1761200454.0279539,-0.7902136540109203
1761200454.0329537,-1.1552220597073655
1761200454.0379539,-1.1748922311810561
1761200454.0429537,-1.0711718019668444
1761200454.0479538,-0.7415354677905326
1761200454.0529537,-0.8090121309737569
1761200454.0579538,-0.9274085678678345
1761200454.0629537,-0.6622553010757563
1761200454.0679538,-0.6859267928813599
1761200454.0729537,-0.44926315586821775
1761200454.0779538,-0.7185150276975288
1761200454.0829537,-0.5764675791976402
1761200454.0879538,-0.5201710938480449
1761200454.0929537,-0.6635233828763609
1761200454.0979538,-0.2392038091849112
1761200454.1029537,-0.17264652306689174
1761200454.1079538,-0.1493771889486734
1761200454.1129537,-0.1222660501102053
1761200454.1179538,-0.28307414841008316
1761200454.122954,-0.008780441117896484
1761200454.1279538,0.0818569769718111
1761200454.132954,0.06440212365854525
1761200454.1379538,0.266170722264624
1761200454.1429539,0.4516305646128443
1761200454.1479537,0.8189866434637199
1761200454.1529539,0.5458507124444548
1761200454.1579537,0.6296144870666116
1761200454.1629539,0.6281029708215625
1761200454.1679537,0.32158805969116
1761200454.1729538,0.7596060126085846
1761200454.1779537,0.8335025691026323
1761200454.1829538,1.3674107754027516
1761200454.1879537,0.8861436983747225
1761200454.1929538,1.0311298617166598
1761200454.1979537,1.006251156661369
1761200454.2029538,0.8178324085287293
1761200454.2079537,1.3143570258622275
1761200454.2129538,1.2661183896032562
1761200454.2179537,1.2994742089627935
1761200454.2229538,0.9804223023954093
1761200454.2279537,1.4593035630616462
1761200454.2329538,0.910167429018917
1761200454.2379537,1.31500349287398
1761200454.2429538,1.6380911251619956
1761200454.247954,0.9995248090877882
1761200454.2529538,1.077278095656819
1761200454.257954,1.1986749738919544
1761200454.2629538,1.0616046625311175
1761200454.2679539,0.8311351333409578
1761200454.2729537,1.1294443780271073
1761200454.2779539,0.8733317202140021
1761200454.2829537,1.1462865021796722
1761200454.2879539,0.8293086637556575
1761200454.2929537,1.280807274253445
1761200454.2979538,0.7679652328636988
1761200454.3029537,0.810350049664558
1761200454.3079538,0.98415997058836
1761200454.3129537,0.5187359244116365
1761200454.3179538,0.7508342896717939
1761200454.3229537,0.9044207048312822
1761200454.3279538,0.25660776200981383
1761200454.3329537,0.5478619215845496
1761200454.3379538,0.4937260220712983
1761200454.3429537,0.5271849676053995
1761200454.3479538,0.05103772242221016
1761200454.3529537,-0.03923374511398445
1761200454.3579538,0.2547881934005442
1761200454.3629537,0.13474555808181327
1761200454.3679538,0.05009857006917576
1761200454.372954,-0.006058981535780036
1761200454.3779538,-0.286404824592862
1761200454.382954,-0.17840683807066923
1761200454.3879538,-0.23981336993808947
1761200454.3929539,-0.5136906768552101
1761200454.3979537,-0.06859456099266137
1761200454.4029539,-0.41616856569573035
1761200454.4079537,-0.8163651083625884
1761200454.4129539,-0.5116814322480299
1761200454.4179537,-0.9002786367964316
1761200454.4229538,-0.6074918669499382
1761200454.4279537,-0.5897374113129461
1761200454.4329538,-1.0388988165760362
1761200454.4379537,-0.7319406654820826
1761200454.4429538,-0.8882642078626369
1761200454.4479537,-0.8487814786035208
1761200454.4529538,-0.672209419521846
1761200454.4579537,-1.1348700861597967
1761200454.4629538,-1.2664790159373993
1761200454.4679537,-1.3191707054792887
1761200454.4729538,-1.3254618503474447
1761200454.4779537,-1.194165042757247
1761200454.4829538,-1.1223072466140447
1761200454.4879537,-1.142293914247922
1761200454.4929538,-1.034563350192795
1761200454.497954,-1.1950316957383444
1761200454.5029538,-0.8998308261459103
1761200454.507954,-1.2316760675220175
1761200454.5129538,-0.6182659600364335
1761200454.5179539,-1.0161343500011832
1761200454.5229537,-1.2871632943491584
1761200454.5279539,-1.2999709625714455
1761200454.5329537,-0.9550735330039991
1761200454.5379539,-1.0578860676675883
1761200454.5429537,-0.8280202944315188
1761200454.5479538,-0.8299683664162373
1761200454.5529537,-0.8893281354370678
1761200454.5579538,-0.9908152707281072
1761200454.5629537,-1.0678782326356004
1761200454.5679538,-0.7946452931643724
1761200454.5729537,-0.47171239511010044
1761200454.5779538,-0.5352856600960189
1761200454.5829537,-0.7600829056204865
1761200454.5879538,-0.40711327805137726
1761200454.5929537,-0.29375691730417014
1761200454.5979538,-0.47519935183805334
1761200454.6029537,-0.19411255631376537
1761200454.6079538,-0.13875813658796482
1761200454.6129537,-0.30394268300130084
1761200454.6179538,0.07155747206965608
1761200454.622954,0.18750552870882403
1761200454.6279538,0.36701012891221907
1761200454.632954,0.4356179879098504
1761200454.6379538,0.02289399100640732
1761200454.6429539,0.1832553852669097
1761200454.6479537,0.5447565166633446
1761200454.6529539,0.6136923400605276
1761200454.6579537,0.681113946183268
1761200454.6629539,1.4135384521057381
1761200454.6679537,0.8195204048896007
1761200454.6729538,0.9920219157345467
1761200454.6779537,1.0122568798130673
1761200454.6829538,1.0050406031668522
1761200454.6879537,0.8615620424028778
1761200454.6929538,1.1226142373485901
1761200454.6979537,0.8586284676949042
1761200454.7029538,1.0042042947046337
1761200454.7079537,0.9887197533934028
1761200454.7129538,1.132106610943166
1761200454.7179537,1.6041995328888865
1761200454.7229538,0.7888467548360074
1761200454.7279537,1.3159967389493292
1761200454.7329538,0.8679944673394431
1761200454.7379537,1.1032457009560392
1761200454.7429538,1.4177901193934732
1761200454.747954,1.2104880779330185
1761200454.7529538,0.9749886859915124
1761200454.757954,1.0356839590224327
1761200454.7629538,1.2982193431412925
1761200454.7679539,0.9951944932107566
1761200454.7729537,1.1590235009822971
1761200454.7779539,1.094906830939987
1761200454.7829537,0.9212479465314727
1761200454.7879539,1.4419823284674846
1761200454.7929537,1.0976041977135396
1761200454.7979538,0.5195873739994262
1761200454.8029537,0.9120532158595788
1761200454.8079538,0.6890992341607501
1761200454.8129537,0.9353954546576726
1761200454.8179538,0.5468381550644281
1761200454.8229537,0.6200448656814153
1761200454.8279538,0.6791018647181511
1761200454.8329537,0.6840861887121114
1761200454.8379538,0.20169018181045859
1761200454.8429537,0.3039201460817459
1761200454.8479538,0.2034388023656356
1761200454.8529537,0.09419173098812664
1761200454.8579538,0.5034907283333844
1761200454.8629537,0.15634496562736533
1761200454.8679538,-0.25217679086700834
1761200454.872954,0.10822376597577821
1761200454.8779538,0.2740313591253632
1761200454.882954,-0.018364525392640246
1761200454.8879538,-0.6023018577886281
1761200454.8929539,-0.4676672078231885
1761200454.8979537,-0.18836723338428984
1761200454.9029539,-0.6524690430018399
1761200454.9079537,-0.4893405232928127
1761200454.9129539,-0.48806534328892826
1761200454.9179537,-0.8907283970665837
1761200454.9229538,-0.7768138589107868
1761200454.9279537,-1.4697099951282397
1761200454.9329538,-1.0796398811725503
1761200454.9379537,-0.9751295216095802
1761200454.9429538,-1.220377029642905
1761200454.9479537,-0.6867112498160914
1761200454.9529538,-1.3375962916447632
1761200454.9579537,-1.1738013602986204
1761200454.9629538,-1.0895836676086832
1761200454.9679537,-0.853013161740961
1761200454.9729538,-1.449472223590245
1761200454.9779537,-0.9461119504434348
1761200454.9829538,-1.1884910293734559
1761200454.9879537,-1.393933804323516
1761200454.9929538,-1.1075793051473457
1761200454.997954,-1.1578201349992319
1761200455.0029538,-1.310581017009132
1761200455.007954,-1.1647842838764226
1761200455.0129538,-1.2393625127267094
1761200455.0179539,-1.1185643505039349
1761200455.0229537,-0.9833056481616929
1761200455.0279539,-0.7685890997301537
1761200455.0329537,-1.2991311158180072
1761200455.0379539,-0.5865868356711661
1761200455.0429537,-1.3612379531544365
1761200455.0479538,-0.9549729103380659
1761200455.0529537,-0.7570989116087783
1761200455.0579538,-0.7652581535674198
1761200455.0629537,-0.8894486916625467
1761200455.0679538,-0.7469667528224235
1761200455.0729537,-0.7415923409065636
1761200455.0779538,-0.6959773603109022
1761200455.0829537,-0.34101473047388026
1761200455.0879538,-0.3703463660286065
1761200455.0929537,-0.5094023123020666
1761200455.0979538,-0.11850788951117475
1761200455.1029537,-0.16339767332754726
1761200455.1079538,0.012172543490626908
1761200455.1129537,0.050577144949545946
1761200455.1179538,-0.16579900218441534
1761200455.122954,-0.03668758460421492
1761200455.1279538,0.29985860130181574
1761200455.132954,0.34693163058956455
1761200455.1379538,0.29424754580499357
1761200455.1429539,0.39428586991169445
1761200455.1479537,0.6972824423792993
1761200455.1529539,0.39262087211092156
1761200455.1579537,0.6875238851560659
1761200455.1629539,0.6025536234880168
1761200455.1679537,0.661806062105523
1761200455.1729538,0.9846641580958646
1761200455.1779537,0.9865397969120311
1761200455.1829538,1.03746428010582
1761200455.1879537,1.185711652761814
1761200455.1929538,0.9750211615764869
1761200455.1979537,1.149584104861411
1761200455.2029538,0.9895146647339452
1761200455.2079537,1.1506257334569117
1761200455.2129538,1.0897031721923645
1761200455.2179537,1.1606670125527274
1761200455.2229538,1.2813311984417397
1761200455.2279537,1.0151005642277322
1761200455.2329538,1.6090150967144652
1761200455.2379537,0.9964285978139855
1761200455.2429538,0.9571622774424535
1761200455.247954,1.4292542488139395
1761200455.2529538,1.3488701803699603
1761200455.257954,1.3035686642848576
1761200455.2629538,1.2879688952072132
1761200455.2679539,1.1388184649848017
1761200455.2729537,0.9362809087687358
1761200455.2779539,1.1009533745979676
1761200455.2829537,0.9161356737502149
1761200455.2879539,1.2082174572859696
1761200455.2929537,0.9414089169495085
1761200455.2979538,0.759516451972447
1761200455.3029537,0.8104851845750949
1761200455.3079538,0.9040428179695512
1761200455.3129537,0.6521638771376331
1761200455.3179538,0.5408982236376823
1761200455.3229537,0.6917295962731796
1761200455.3279538,0.6270977231438045
1761200455.3329537,0.40954651480385945
1761200455.3379538,0.3475418020979515
1761200455.3429537,0.4172303807214631
1761200455.3479538,0.00881099629836024
1761200455.3529537,-0.05663517737244178
1761200455.3579538,0.00671103602667808
1761200455.3629537,0.032659193092807196
1761200455.3679538,0.06218151311960195
1761200455.372954,0.21972261995473158
1761200455.3779538,0.021132044363240704
1761200455.382954,-0.25684528349555685
1761200455.3879538,-0.3022311061783608
1761200455.3929539,-0.5713262661774997
1761200455.3979537,-0.44545209042009215
1761200455.4029539,-0.5686668776621151
1761200455.4079537,-0.5135606968544402
1761200455.4129539,-0.80843834268526
1761200455.4179537,-0.6014729999027325
1761200455.4229538,-0.45836100509791095
1761200455.4279537,-0.8432085568057965
1761200455.4329538,-0.794420008485904
1761200455.4379537,-0.7865870929887255
1761200455.4429538,-1.0510644876271023
1761200455.4479537,-0.968375014240335
1761200455.4529538,-1.0490495358962775
1761200455.4579537,-1.066257243249457
1761200455.4629538,-1.2703337398369947
1761200455.4679537,-1.1363657847023954
1761200455.4729538,-1.0627001351052672
1761200455.4779537,-0.8885159793154184
1761200455.4829538,-0.9986834763603316
1761200455.4879537,-0.7669955826116146
1761200455.4929538,-1.35346951257761
1761200455.497954,-1.0231679467697903
1761200455.5029538,-1.1538692404297028
1761200455.507954,-0.740784114230892
1761200455.5129538,-1.3239594504253878
1761200455.5179539,-1.3092121879903398
1761200455.5229537,-1.2356103121547066
1761200455.5279539,-1.5105716078211837
1761200455.5329537,-1.1567190203887896
1761200455.5379539,-1.165020042913159
1761200455.5429537,-0.9407416359546946
1761200455.5479538,-0.8562646961755176
1761200455.5529537,-0.49952818506251645
1761200455.5579538,-0.6313717594772166
1761200455.5629537,-0.8802895188309088
1761200455.5679538,-0.8850252370206403
1761200455.5729537,-0.5446083196734961
1761200455.5779538,-0.8421510503261884
1761200455.5829537,-0.14464339670721477
1761200455.5879538,-0.20586143907735882
1761200455.5929537,-0.4646555236708769
1761200455.5979538,-0.6410547704160008
1761200455.6029537,0.04591689733021315
1761200455.6079538,-0.173307849327689
1761200455.6129537,0.17221463895951555
1761200455.6179538,-0.31888553175887463
1761200455.622954,-0.044526381155580136
1761200455.6279538,0.15144862022080394
1761200455.632954,0.2342536962558197
1761200455.6379538,0.2084147703019742
1761200455.6429539,0.49539037971943345
1761200455.6479537,0.22822537734509513
1761200455.6529539,0.4824592528738285
1761200455.6579537,0.6021635352644378
1761200455.6629539,0.7458799207865451
1761200455.6679537,0.8476652783687413
1761200455.6729538,0.5399803693308558
1761200455.6779537,0.5146336929673003
1761200455.6829538,1.1302977172853939
1761200455.6879537,0.9910786937268635
1761200455.6929538,0.8211230859386267
1761200455.6979537,1.323423905706923
1761200455.7029538,1.0747029429112078
1761200455.7079537,1.3216518997719868
1761200455.7129538,1.1292354793479247
1761200455.7179537,1.5534174045305813
1761200455.7229538,1.5133679618429978
1761200455.7279537,1.1289518711786113
1761200455.7329538,1.3848518317682448
1761200455.7379537,1.3267072640309554
1761200455.7429538,1.4737263115064696
1761200455.747954,1.0046473819979052
1761200455.7529538,1.3277479335770608
1761200455.757954,1.390429598244344
1761200455.7629538,0.8105518960697347
1761200455.7679539,0.9046161170210295
1761200455.7729537,0.7078853475138804
1761200455.7779539,1.031911096070311
1761200455.7829537,1.19507646721183
1761200455.7879539,1.3136649210216254
1761200455.7929537,0.9856393493338914
1761200455.7979538,1.250339000445205
1761200455.8029537,0.5987420612627155
1761200455.8079538,0.4807800392433958
1761200455.8129537,0.7537992479191078
1761200455.8179538,0.7821553925388268
1761200455.8229537,0.6364532043559789
1761200455.8279538,0.1646159889140848
1761200455.8329537,0.49311114197553185
1761200455.8379538,0.18085556312064172
1761200455.8429537,0.5047549030159438
1761200455.8479538,0.371747513817195
1761200455.8529537,0.03688162023740271
1761200455.8579538,0.04762649680982259
1761200455.8629537,-0.1364940809426134
1761200455.8679538,-0.012535819454633054
1761200455.872954,0.11567984066507335
1761200455.8779538,-0.34754508954427593
1761200455.882954,-0.1240482743993023
1761200455.8879538,-0.40447938827231095
1761200455.8929539,-0.5293949597024025
1761200455.8979537,-0.46315553521252545
1761200455.9029539,-0.7179836143619619
1761200455.9079537,-0.6888342699914943
1761200455.9129539,-0.8825677324925648
1761200455.9179537,-0.3123972761676922
1761200455.9229538,-0.7578560773040838
1761200455.9279537,-0.9614016287129419
1761200455.9329538,-0.8319663707588475
1761200455.9379537,-0.947081501269111
1761200455.9429538,-1.0150143131565819
1761200455.9479537,-0.8903601705937331
1761200455.9529538,-0.9000664740431752
1761200455.9579537,-1.1918926924813267
1761200455.9629538,-1.2308954311948388
1761200455.9679537,-1.1962781589845126
1761200455.9729538,-1.622684026301474
1761200455.9779537,-1.4817829133141363
1761200455.9829538,-0.9171627880884687
1761200455.9879537,-0.8686385314136691
1761200455.9929538,-1.2498072079112756
1761200455.997954,-1.0823206815027728
1761200456.0029538,-1.1282876106686657
1761200456.007954,-0.562968539183379
1761200456.0129538,-0.9383848110674422
1761200456.0179539,-1.166851337850338
1761200456.0229537,-1.306839871185986
1761200456.0279539,-1.4070817270107372
1761200456.0329537,-1.010875288879193
1761200456.0379539,-1.1644636596592803
1761200456.0429537,-1.2552711351694714
1761200456.0479538,-1.0539304681794521
1761200456.0529537,-1.091071953628573
1761200456.0579538,-0.48402820009991376
1761200456.0629537,-0.5885808363085415
1761200456.0679538,-0.706936831014289
1761200456.0729537,-0.3470033261967923
1761200456.0779538,-0.5626307473925366
1761200456.0829537,-0.6831919901437424
1761200456.0879538,-0.13712464776768102
1761200456.0929537,-0.26303838451300454
1761200456.0979538,-0.5058770954631168
1761200456.1029537,-0.26292531311959555
1761200456.1079538,-0.3255235309541129
1761200456.1129537,-0.3519085696280443
1761200456.1179538,0.1852355095063268
1761200456.122954,0.45723195152920026
1761200456.1279538,-0.12931363448666128
1761200456.132954,0.3374514248409852
1761200456.1379538,0.16829935077345728
1761200456.1429539,0.2733953164969943
1761200456.1479537,0.3232706783738399
1761200456.1529539,0.33813699594212376
1761200456.1579537,0.5878087345110231
1761200456.1629539,0.4768021306925875
1761200456.1679537,0.7594336679069378
1761200456.1729538,0.7548611658085987
1761200456.1779537,0.7736669177411458
1761200456.1829538,0.6932496204973724
1761200456.1879537,0.8092616252172757
1761200456.1929538,1.1218986384150909
1761200456.1979537,1.1133769481272944
1761200456.2029538,0.8560569670929239
1761200456.2079537,1.1056589240450683
1761200456.2129538,1.2660092077402607
1761200456.2179537,0.8073867633299094
1761200456.2229538,1.270971831830345
1761200456.2279537,1.0462199490852564
1761200456.2329538,1.3046573752960056
1761200456.2379537,1.044980242805422
1761200456.2429538,0.8390235798670962
1761200456.247954,0.8721235865372936
1761200456.2529538,1.2001546309096498
1761200456.257954,1.2306892012187223
1761200456.2629538,0.981436468333476
1761200456.2679539,1.2689863113096609
1761200456.2729537,0.7834277706121104
1761200456.2779539,1.0725765032297594
1761200456.2829537,0.8093647761001461
1761200456.2879539,0.8828262890419856
1761200456.2929537,0.9803001275132168
1761200456.2979538,0.7525332182741564
1761200456.3029537,0.7978512440597318
1761200456.3079538,1.0227150889573149
1761200456.3129537,0.649530413793802
1761200456.3179538,0.8724807251639974
1761200456.3229537,0.41705078304327026
1761200456.3279538,0.684065244505117
1761200456.3329537,0.7992488740096737
1761200456.3379538,-0.05257943680384919
1761200456.3429537,0.211441342155841
1761200456.3479538,0.4138422900339378
1761200456.3529537,0.18424850029427134
1761200456.3579538,0.22462905495142338
1761200456.3629537,-0.04544841390798689
1761200456.3679538,0.017317957494585864
1761200456.372954,-0.1064840705135899
1761200456.3779538,0.08315653205479462
1761200456.382954,-0.17397340884262408
1761200456.3879538,-0.23090733218278622
1761200456.3929539,-0.4531957864744268
1761200456.3979537,-0.5392707080361123
1761200456.4029539,-0.597446787442015
1761200456.4079537,-0.49921398044639825
1761200456.4129539,-0.7271890501388438
1761200456.4179537,-0.6473873313716838
1761200456.4229538,-0.3498286279693415
1761200456.4279537,-0.6472315864280862
1761200456.4329538,-0.9399670593392631
1761200456.4379537,-0.6843731068981559
1761200456.4429538,-1.0524354678542474
1761200456.4479537,-1.4208184176379866
1761200456.4529538,-1.253185278236117
1761200456.4579537,-1.4599508471643925
1761200456.4629538,-1.1860344798741629
1761200456.4679537,-1.1375841437162746
1761200456.4729538,-0.8270123308993
1761200456.4779537,-1.1133592261215925
1761200456.4829538,-1.234357747339147
1761200456.4879537,-1.0317509578772281
1761200456.4929538,-1.642227061801577
1761200456.497954,-1.1505091624922128
1761200456.5029538,-1.0363646027999796
1761200456.507954,-1.4744619500303948
1761200456.5129538,-0.9335489847129728
1761200456.5179539,-1.073568538055302
1761200456.5229537,-1.198789365846061
1761200456.5279539,-0.9592360897379676
1761200456.5329537,-0.5974294444917565
1761200456.5379539,-0.9768202595907208
1761200456.5429537,-0.9211762759898694
1761200456.5479538,-1.0164880712389932
1761200456.5529537,-1.0447312267986526
1761200456.5579538,-0.655389363805581
1761200456.5629537,-0.936125552880202
1761200456.5679538,-0.6910290553070871
1761200456.5729537,-0.738523643327821
1761200456.5779538,-0.4823084437727785
1761200456.5829537,-0.4442027288207002
1761200456.5879538,-0.2342414743700329
1761200456.5929537,-0.47282367302089
1761200456.5979538,-0.35240285165650004
1761200456.6029537,-0.4206103206593357
1761200456.6079538,-0.2392585322923883
1761200456.6129537,0.00011147517379730965
1761200456.6179538,0.15139772332906862
1761200456.622954,-0.1090844414003555
1761200456.6279538,0.324321064298303
1761200456.632954,0.49598514926386095
1761200456.6379538,0.38111484524256256
1761200456.6429539,0.7461795557615505
1761200456.6479537,0.2869916234009028
1761200456.6529539,0.26200420921580336
1761200456.6579537,0.222360359141198
1761200456.6629539,0.9422010162726314
1761200456.6679537,0.8362154340217813
1761200456.6729538,0.7537918535163349
1761200456.6779537,0.8774502523783916
1761200456.6829538,0.6496645434460164
1761200456.6879537,1.4137662872543126
1761200456.6929538,0.996664629644985
1761200456.6979537,1.0350724695233968
1761200456.7029538,1.1967213408323722
1761200456.7079537,1.1819943093065657
1761200456.7129538,1.160508587921729
1761200456.7179537,0.9831729284651213
1761200456.7229538,1.2565934647815569
1761200456.7279537,1.5551496001694325
1761200456.7329538,1.4596216508083693
1761200456.7379537,1.5162693994418048
1761200456.7429538,1.097756864713763
1761200456.747954,0.9997111100622099
1761200456.7529538,1.1653802575574437
1761200456.757954,1.1898896833321648
1761200456.7629538,1.3811380970485474
1761200456.7679539,0.8027748936112222
1761200456.7729537,1.4216418469580254
1761200456.7779539,1.054190883243425
1761200456.7829537,0.9661918020631537
1761200456.7879539,0.8107726355503841
1761200456.7929537,0.6398490588767802
1761200456.7979538,1.0892500081233303
1761200456.8029537,0.8894259463433779
1761200456.8079538,0.5634643471662163
1761200456.8129537,0.5058930332857021
1761200456.8179538,0.6381853628929436
1761200456.8229537,0.9767964590326729
1761200456.8279538,0.5261861386493397
1761200456.8329537,0.2103065592544726
1761200456.8379538,0.3926008504044201
1761200456.8429537,0.31627567930040257
1761200456.8479538,-0.24094946399048428
1761200456.8529537,0.2139986041993077
1761200456.8579538,0.10421297423542633
1761200456.8629537,0.2145898963978612
1761200456.8679538,0.36979121898906675
1761200456.872954,0.14996438247437777
1761200456.8779538,-0.2041776183881327
1761200456.882954,-0.4461627592512005
1761200456.8879538,0.21624409605214578
1761200456.8929539,-0.3589767064470354
1761200456.8979537,-0.4389636048390241
1761200456.9029539,-0.5157601673000911
1761200456.9079537,-0.5384874567684864
1761200456.9129539,-0.6718642363595795
1761200456.9179537,-0.8200747041270133
1761200456.9229538,-0.8742805759465077
1761200456.9279537,-0.828007181157624
1761200456.9329538,-0.9834473071324474
1761200456.9379537,-1.067185047866383
1761200456.9429538,-0.9495343477115575
1761200456.9479537,-1.0641889540865868
1761200456.9529538,-0.7507694183360982
1761200456.9579537,-1.6159864246378235
1761200456.9629538,-0.8974304126814087
1761200456.9679537,-0.8920507810546592
1761200456.9729538,-1.5769778398359866
1761200456.9779537,-1.247282219690495
1761200456.9829538,-1.2648258147765323
1761200456.9879537,-1.4791344130574902
1761200456.9929538,-1.355563337518175
1761200456.997954,-1.4197472432070917
1761200457.0029538,-0.8400835528926485
1761200457.007954,-0.9916090222449343
1761200457.0129538,-0.9079887743555268
1761200457.0179539,-0.9969334067455378
1761200457.0229537,-1.3415421373093466
1761200457.0279539,-1.1906965162151792
1761200457.0329537,-0.9536931038070523
1761200457.0379539,-1.2576190723808092
1761200457.0429537,-0.8282207072154592
1761200457.0479538,-0.9726809709625716
1761200457.0529537,-0.9497265144156138
1761200457.0579538,-0.679264533473732
1761200457.0629537,-0.676056125401221
1761200457.0679538,-0.7775355359147819
1761200457.0729537,-0.41112619330194833
1761200457.0779538,-0.7943170744420365
1761200457.0829537,-0.38774802848923745
1761200457.0879538,-0.3231292116279363
1761200457.0929537,-0.4327296811127389
1761200457.0979538,-0.23320126014940246
1761200457.1029537,-0.475080292779935
1761200457.1079538,0.03440552356421395
1761200457.1129537,-0.11232905072377122
1761200457.1179538,-0.10454460410380996
1761200457.122954,0.2851504686025472
1761200457.1279538,0.009531142168618806
1761200457.132954,-0.05683468176984152
1761200457.1379538,-0.0128979701069587
1761200457.1429539,0.49202238351906485
1761200457.1479537,0.18566359272236055
1761200457.1529539,0.8618939862749594
1761200457.1579537,0.16171852734530906
1761200457.1629539,0.9822834276328021
1761200457.1679537,0.7475457961914931
1761200457.1729538,0.7455661653243472
1761200457.1779537,0.7124727097526373
1761200457.1829538,0.9545895757761057
1761200457.1879537,0.9170889508459776
1761200457.1929538,1.1914807696532437
1761200457.1979537,1.0360390403348256
1761200457.2029538,1.0816283683450094
1761200457.2079537,1.0130700205164516
1761200457.2129538,1.104342658321689
1761200457.2179537,1.2028281733325952
1761200457.2229538,0.8202661148230326
1761200457.2279537,0.9091076164532832
1761200457.2329538,1.3391904603819165
1761200457.2379537,1.2318051617395138
1761200457.2429538,1.1632033327294642
1761200457.247954,1.2013188607270047
1761200457.2529538,1.2600539826497077
1761200457.257954,1.0707927648125535
1761200457.2629538,1.0066388482738953
1761200457.2679539,1.1804368705737225
1761200457.2729537,0.9200572275428962
1761200457.2779539,1.1674430141021173
1761200457.2829537,0.7110512952050698
1761200457.2879539,1.2190246380675465
1761200457.2929537,1.065339889732543
1761200457.2979538,0.9758218381937225
1761200457.3029537,1.0713005496948
1761200457.3079538,1.1545514160069428
1761200457.3129537,0.9677828007020517
1761200457.3179538,0.33716745648464036
1761200457.3229537,0.38707676062765417
1761200457.3279538,0.4531406933829252
1761200457.3329537,0.5161533599202609
1761200457.3379538,0.5452812673154339
1761200457.3429537,0.2256716306192438
1761200457.3479538,0.33578121749324596
1761200457.3529537,0.07378099103220592
1761200457.3579538,0.028096319678772547
1761200457.3629537,-0.20598359593446663
1761200457.3679538,-0.1846466492221744
1761200457.372954,-0.34568554455844014
1761200457.3779538,-0.34557453087263285
1761200457.382954,-0.014129218181298198
1761200457.3879538,-0.48830764236421464
1761200457.3929539,0.15565601971754545
1761200457.3979537,-0.3430858830454352
1761200457.4029539,-0.4739679251391154
1761200457.4079537,-0.7497759649582998
1761200457.4129539,-0.5029301780929926
1761200457.4179537,-0.8204698679985207
1761200457.4229538,-0.7405068247693566
1761200457.4279537,-0.3094396194606651
1761200457.4329538,-0.8939743328506243
1761200457.4379537,-0.6947612260738149
1761200457.4429538,-1.1114556782751142
1761200457.4479537,-1.020191208701808
1761200457.4529538,-0.697407888925534
1761200457.4579537,-1.2111858745167743
1761200457.4629538,-0.7532420714665151
1761200457.4679537,-0.9997174324630896
1761200457.4729538,-1.2747931485332102
1761200457.4779537,-1.0522631530633209
1761200457.4829538,-0.9960267516520278
1761200457.4879537,-1.0732700816704865
1761200457.4929538,-1.5140449439780912
1761200457.497954,-1.3430595092788997
1761200457.5029538,-1.240041368687674
1761200457.507954,-1.193631386694436
1761200457.5129538,-1.0381653738442234
1761200457.5179539,-1.1057276193675343
1761200457.5229537,-1.3828006548079212
1761200457.5279539,-1.0097528927580322
1761200457.5329537,-0.9294508669958713
1761200457.5379539,-0.9012354210162121
1761200457.5429537,-0.7546642481390125
1761200457.5479538,-0.7578314604211639
1761200457.5529537,-0.7829263370600071
1761200457.5579538,-0.83548966940616
1761200457.5629537,-1.0971009744016276
1761200457.5679538,-0.6194186589244489
1761200457.5729537,-0.601454616542176
1761200457.5779538,-0.5237886414829827
1761200457.5829537,-0.7662848650421447
1761200457.5879538,-0.6579607713032658
1761200457.5929537,-0.16018982258336043
1761200457.5979538,-0.3063388953691573
1761200457.6029537,-0.0885574380283499
1761200457.6079538,-0.14473620505107435
1761200457.6129537,-0.06939739553602468
1761200457.6179538,0.1876567611951972
1761200457.622954,-0.02786032220830577
1761200457.6279538,0.1696240356653586
1761200457.632954,0.1324025197618533
1761200457.6379538,0.21152861911136694
1761200457.6429539,0.30898596855620875
1761200457.6479537,0.4861762175483595
1761200457.6529539,0.41518542554539073
1761200457.6579537,0.8292556340367574
1761200457.6629539,0.4640706935308935
1761200457.6679537,0.6679679739186907
1761200457.6729538,0.6769625760435904
1761200457.6779537,1.1108521039851738
1761200457.6829538,0.9140733082080121
1761200457.6879537,1.1309847992246742
1761200457.6929538,0.6737083186425448
1761200457.6979537,1.0666035637762694
1761200457.7029538,1.229494175177321
1761200457.7079537,1.1022492608143077
1761200457.7129538,1.3288278580789696
1761200457.7179537,1.0378101295341065
1761200457.7229538,1.4441692813914737
1761200457.7279537,1.6385243255982775
1761200457.7329538,1.1179699294894416
1761200457.7379537,1.108531569833771
1761200457.7429538,1.49067689542354
1761200457.747954,1.5135465032600686
1761200457.7529538,1.085965636146721
1761200457.757954,1.0947073374552558
1761200457.7629538,1.1059428715822543
1761200457.7679539,0.8723777173473282
1761200457.7729537,0.932001393769063
1761200457.7779539,0.8849643096088095
1761200457.7829537,0.8980085030318125
1761200457.7879539,1.006256533125062
1761200457.7929537,1.0176633397572437
1761200457.7979538,1.2347159898937683
1761200457.8029537,0.6750915447579335
1761200457.8079538,1.0183210068097381
1761200457.8129537,0.7221110188533242
1761200457.8179538,0.6954495608204831
1761200457.8229537,0.7779560524081156
1761200457.8279538,0.3535600046096016
1761200457.8329537,0.5874170991149046
1761200457.8379538,0.47503990486422865
1761200457.8429537,0.46931064605157513
1761200457.8479538,0.35626159337938595
1761200457.8529537,0.7159176054850496
1761200457.8579538,0.022851883426899283
1761200457.8629537,-0.030850767565185427
1761200457.8679538,-0.12462810528495465
1761200457.872954,-0.18644404726722408
1761200457.8779538,-0.2778773057384611
1761200457.882954,0.01294572871864455
1761200457.8879538,-0.014327014999863052
1761200457.8929539,-0.4849696519998359
1761200457.8979537,-0.6082205778424585
1761200457.9029539,-0.416652038600809
1761200457.9079537,-0.6885490177782511
1761200457.9129539,-0.5164057904236883
1761200457.9179537,-0.6647576985807058
1761200457.9229538,-1.0680576106978685
1761200457.9279537,-0.5119554868484179
1761200457.9329538,-0.5155868182865898
1761200457.9379537,-1.0471736294278269
1761200457.9429538,-1.0483607052371335
1761200457.9479537,-0.9560204324574345
1761200457.9529538,-0.9846766580552307
1761200457.9579537,-0.9540836084246547
1761200457.9629538,-0.7136908753126309
1761200457.9679537,-1.1766572650529947
1761200457.9729538,-1.3219592422620494
1761200457.9779537,-1.454608546477332
1761200457.9829538,-1.3367236495657577
1761200457.9879537,-1.2042574686886853
1761200457.9929538,-0.8410884272964424
1761200457.997954,-1.3011543339211602
1761200458.0029538,-1.1457800512495944
1761200458.007954,-1.1820292800889787
1761200458.0129538,-0.9246211386647398
1761200458.0179539,-0.6358813343794582
1761200458.0229537,-1.2219055376499655
1761200458.0279539,-1.1836803514628693
1761200458.0329537,-0.8427358406388218
1761200458.0379539,-0.876815212677158
1761200458.0429537,-0.6014789281027353
1761200458.0479538,-0.8078302542657574
1761200458.0529537,-0.9466207710631008
1761200458.0579538,-0.7033255609759628
1761200458.0629537,-0.5431680715818478
1761200458.0679538,-0.5412458665114936
1761200458.0729537,-0.541537347753339
1761200458.0779538,-0.36476947100422685
1761200458.0829537,-0.2770760317889562
1761200458.0879538,-0.1653176650141161
1761200458.0929537,-0.24107841573200478
1761200458.0979538,-0.33185148066118925
1761200458.1029537,-0.19551484021620213
1761200458.1079538,0.09090191302450451
1761200458.1129537,-0.23873575763262123
1761200458.1179538,0.07373466177457759
1761200458.122954,-0.0033191390303034113
1761200458.1279538,0.1561488448641251
1761200458.132954,0.48054795002432127
1761200458.1379538,0.33664767820181046
1761200458.1429539,0.38010770288116613
1761200458.1479537,0.16977823502563277
1761200458.1529539,0.66018586308353
1761200458.1579537,0.707201245150268
1761200458.1629539,1.075643098635886
1761200458.1679537,0.643786655760362
1761200458.1729538,0.8087388532312131
1761200458.1779537,0.8713332638565779
1761200458.1829538,1.1902530088583918
1761200458.1879537,0.9055567848535565
1761200458.1929538,1.0266246984040068
1761200458.1979537,1.1347728125457253
1761200458.2029538,1.0888898406839052
1761200458.2079537,0.996505740049117
1761200458.2129538,1.1545497816455608
1761200458.2179537,1.3559941695261406
1761200458.2229538,0.9569967334721456
1761200458.2279537,1.2053386357038025
1761200458.2329538,1.0505134785895387
1761200458.2379537,1.436641399898894
1761200458.2429538,0.895362619043245
1761200458.247954,1.0858477046596084
1761200458.2529538,1.2659800165902788
1761200458.257954,1.4918495067212956
1761200458.2629538,1.1491497411397582
1761200458.2679539,1.0302279142155442
1761200458.2729537,1.4919631969540208
1761200458.2779539,0.7961896828759742
1761200458.2829537,0.6118068247286217
1761200458.2879539,1.1011964006130845
1761200458.2929537,0.8704095483794175
1761200458.2979538,0.7203693279048106
1761200458.3029537,1.0164336423655627
1761200458.3079538,0.8702166698686613
1761200458.3129537,0.6520930615510805
1761200458.3179538,0.4492814230167911
1761200458.3229537,0.8174836196308239
1761200458.3279538,0.7081446445137937
1761200458.3329537,0.49109997712221815
1761200458.3379538,0.8110768624311508
1761200458.3429537,0.15680343998469887
1761200458.3479538,-0.006677169587125109
1761200458.3529537,0.08647596352662212
1761200458.3579538,0.14128267700606323
1761200458.3629537,0.12401651329971677
1761200458.3679538,-0.04824721157125892
1761200458.372954,-0.004937544132313468
1761200458.3779538,-0.4007077651152461
1761200458.382954,0.06389534331178637
1761200458.3879538,-0.31485810027634753
1761200458.3929539,-0.1473612269323148
1761200458.3979537,-0.3732043939460717
1761200458.4029539,-0.41958450604733283
1761200458.4079537,-0.4641509528756158
1761200458.4129539,-0.5534504419713273
1761200458.4179537,-0.5767977507774567
1761200458.4229538,-0.4990782816719356
1761200458.4279537,-0.7821522931741359
1761200458.4329538,-0.7329616013879915
1761200458.4379537,-0.9425630301883949
1761200458.4429538,-0.6827969501600419
1761200458.4479537,-1.148471971014269
1761200458.4529538,-0.6913799294704723
1761200458.4579537,-1.0938240530880896
1761200458.4629538,-1.4018868034895104
1761200458.4679537,-1.115646936572027
1761200458.4729538,-1.2985101248493347
1761200458.4779537,-1.0106159910766817
1761200458.4829538,-1.3210624374378521
1761200458.4879537,-1.2868687607568818
1761200458.4929538,-1.5779081461891062
1761200458.497954,-1.2880933379637414
1761200458.5029538,-1.6753135069031655
1761200458.507954,-1.495525265571573
1761200458.5129538,-1.0102168621254974
1761200458.5179539,-0.9841077878240161
1761200458.5229537,-1.0306402707089084
1761200458.5279539,-1.2791876915850677
1761200458.5329537,-1.061110287281032
1761200458.5379539,-1.0139140184205342
1761200458.5429537,-1.202493331088451
1761200458.5479538,-0.6239362309775205
1761200458.5529537,-0.6992898947905548
1761200458.5579538,-0.8656493618803576
1761200458.5629537,-0.7595316198995233
1761200458.5679538,-0.6636657411614562
1761200458.5729537,-1.051339127659657
1761200458.5779538,-0.6275398854261773
1761200458.5829537,-0.6473319994776507
1761200458.5879538,-0.6420734652006049
1761200458.5929537,-0.4270404518271246
1761200458.5979538,0.061109440772085855
1761200458.6029537,-0.096689005249465
1761200458.6079538,-0.2646356782337265
1761200458.6129537,0.03916793283605742
