time,segment1_continuous_200Hz,segment2_counts_1Hz,segment3_quantized_irregular
1761200453.6179538,0.0993428306022465,1,
1761200453.622954,0.0476957632009391,1,
1761200453.6279538,0.2799375878973036,1,
1761200453.632954,0.5294635487844747,1,
1761200453.6379538,0.2515971896531585,1,
1761200453.642954,0.3239930018601007,1,
1761200453.6479535,0.7575920263230917,1,
1761200453.652954,0.664422095708669,1,
1761200453.6579535,0.484209531735068,1,
1761200453.662954,0.7515041626919888,1,
1761200453.6679535,0.6126587641884753,1,
1761200453.6729538,0.6717628369843761,1,
1761200453.6779535,0.8698489814276331,1,
1761200453.6829538,0.4921063039741342,1,
1761200453.6879537,0.5796323248283404,1,
1761200453.6929538,0.8583628874017423,1,
1761200453.6979537,0.8106272865355334,1,
1761200453.7029538,1.1144174825716913,1,
1761200453.7079537,0.9041876478549812,1,
1761200453.7129538,0.8332710427988432,1,
1761200453.7179537,1.434397573338495,1,
1761200453.7229538,1.1171445332570502,1,
1761200453.7279537,1.192250341812011,1,
1761200453.7329538,0.905588004334682,1,
1761200453.7379537,1.0887555292088893,1,
1761200453.7429538,1.2221845179419732,1,
1761200453.747954,0.9674333586294652,1,
1761200453.7529538,1.2656772452465077,1,
1761200453.757954,1.0586169628906652,1,
1761200453.7629538,1.103961043395702,1,
1761200453.767954,1.020926497108305,1,
1761200453.7729535,1.4861874199676892,1,
1761200453.777954,1.0830930180116365,1,
1761200453.7829535,0.840025830261456,1,
1761200453.787954,1.1777024930230555,1,
1761200453.7929535,0.7266516632557324,1,
1761200453.7979538,0.9663886103318982,1,
1761200453.8029535,0.4828283281297386,1,
1761200453.8079538,0.5558193173347405,1,
1761200453.8129537,0.8042810348722526,1,
1761200453.8179538,0.85303561875005,1,
1761200453.8229537,0.67726581021279,1,
1761200453.8279538,0.5549747524444106,1,
1761200453.8329537,0.4507144107602296,1,
1761200453.8379538,0.1460450651481282,1,
1761200453.8429537,0.2268515515709952,1,
1761200453.8479538,0.2063001104058682,1,
1761200453.8529537,0.4362820227466526,1,
1761200453.8579538,0.2191235381908577,1,
1761200453.8629537,-0.2772594076373705,1,
1761200453.8679538,0.0648167938789591,1,
1761200453.872954,-0.1523650795184393,1,
1761200453.8779538,-0.2857842803383569,1,
1761200453.882954,-0.1025223197346961,1,
1761200453.8879538,-0.0922279600986357,1,
1761200453.892954,-0.1845643694266975,1,
1761200453.8979535,-0.6095929678661417,1,
1761200453.902954,-0.5727776250483301,1,
1761200453.9079535,-0.5118517226413452,1,
1761200453.912954,-0.4478831285503238,1,
1761200453.9179535,-0.8011771503200257,1,
1761200453.9229538,-0.802040583031191,1,
1761200453.9279535,-1.042723521915632,1,
1761200453.9329538,-1.1140036777218278,1,
1761200453.9379537,-0.7621107268521077,1,
1761200453.9429538,-0.6995723875357722,1,
1761200453.9479537,-1.027595534918485,1,
1761200453.9529538,-0.8508614364742313,1,
1761200453.9579537,-1.0134652579496968,1,
1761200453.9629538,-1.2447557339869266,1,
1761200453.9679537,-1.0689886984525012,1,
1761200453.9729538,-0.8546924800611633,1,
1761200453.9779537,-1.1859099086964169,1,
1761200453.9829538,-0.8776089104145719,1,
1761200453.9879537,-1.7215810949318748,1,
1761200453.9929538,-1.0356194991249552,1,
1761200453.997954,-1.1802226604662918,1,
1761200454.0029538,-1.250339111670547,1,
1761200454.007954,-1.160392545567326,1,
1761200454.0129538,-1.5598135762745358,1,
1761200454.017954,-1.1852021971216866,1,
1761200454.0229535,-1.0443092687635522,1,
1761200454.027954,-0.7902136540109203,1,
1761200454.0329535,-1.1552220597073657,1,
1761200454.037954,-1.174892231181056,1,
1761200454.0429535,-1.0711718019668444,1,
1761200454.0479538,-0.7415354677905326,1,
1761200454.0529535,-0.8090121309737569,1,
1761200454.0579538,-0.9274085678678344,1,
1761200454.0629537,-0.6622553010757563,1,
1761200454.0679538,-0.6859267928813599,1,
1761200454.0729537,-0.4492631558682177,1,
1761200454.0779538,-0.7185150276975288,1,
1761200454.0829537,-0.5764675791976402,1,
1761200454.0879538,-0.5201710938480449,1,
1761200454.0929537,-0.6635233828763609,1,
1761200454.0979538,-0.2392038091849112,1,
1761200454.1029537,-0.1726465230668917,1,
1761200454.1079538,-0.1493771889486734,1,
1761200454.1129537,-0.1222660501102053,1,
1761200454.1179538,-0.2830741484100831,1,
1761200454.122954,-0.0087804411178964,1,
1761200454.1279538,0.0818569769718111,1,
1761200454.132954,0.0644021236585452,1,
1761200454.1379538,0.266170722264624,1,
1761200454.142954,0.4516305646128443,1,
1761200454.1479535,0.8189866434637199,1,
1761200454.152954,0.5458507124444548,1,
1761200454.1579535,0.6296144870666116,1,
1761200454.162954,0.6281029708215625,1,
1761200454.1679535,0.32158805969116,1,
1761200454.1729538,0.7596060126085846,1,
1761200454.1779535,0.8335025691026323,1,
1761200454.1829538,1.3674107754027516,1,
1761200454.1879537,0.8861436983747225,1,
1761200454.1929538,1.0311298617166598,1,
1761200454.1979537,1.006251156661369,1,
1761200454.2029538,0.8178324085287293,1,
1761200454.2079537,1.3143570258622277,1,
1761200454.2129538,1.2661183896032562,1,
1761200454.2179537,1.2994742089627935,1,
1761200454.2229538,0.9804223023954092,1,
1761200454.2279537,1.4593035630616462,1,
1761200454.2329538,0.910167429018917,1,
1761200454.2379537,1.31500349287398,1,
1761200454.2429538,1.6380911251619956,1,
1761200454.247954,0.9995248090877882,1,
1761200454.2529538,1.077278095656819,1,
1761200454.257954,1.1986749738919544,1,
1761200454.2629538,1.0616046625311175,1,
1761200454.267954,0.8311351333409578,1,
1761200454.2729535,1.1294443780271073,1,
1761200454.277954,0.8733317202140021,1,
1761200454.2829535,1.1462865021796722,1,
1761200454.287954,0.8293086637556575,1,
1761200454.2929535,1.280807274253445,1,
1761200454.2979538,0.7679652328636988,1,
1761200454.3029535,0.810350049664558,1,
1761200454.3079538,0.98415997058836,1,
1761200454.3129537,0.5187359244116365,1,
1761200454.3179538,0.7508342896717939,1,
1761200454.3229537,0.9044207048312822,1,
1761200454.3279538,0.2566077620098138,1,
1761200454.3329537,0.5478619215845496,1,
1761200454.3379538,0.4937260220712983,1,
1761200454.3429537,0.5271849676053995,1,
1761200454.3479538,0.0510377224222101,1,
1761200454.3529537,-0.0392337451139844,1,
1761200454.3579538,0.2547881934005442,1,
1761200454.3629537,0.1347455580818132,1,
1761200454.3679538,0.0500985700691757,1,
1761200454.372954,-0.00605898153578,1,
1761200454.3779538,-0.286404824592862,1,
1761200454.382954,-0.1784068380706692,1,
1761200454.3879538,-0.2398133699380894,1,
1761200454.392954,-0.5136906768552101,1,
1761200454.3979535,-0.0685945609926613,1,
1761200454.402954,-0.4161685656957303,1,
1761200454.4079535,-0.8163651083625884,1,
1761200454.412954,-0.5116814322480299,1,
1761200454.4179535,-0.9002786367964316,1,
1761200454.4229538,-0.6074918669499382,1,
1761200454.4279535,-0.5897374113129461,1,
1761200454.4329538,-1.0388988165760362,1,
1761200454.4379537,-0.7319406654820826,1,
1761200454.4429538,-0.8882642078626369,1,
1761200454.4479537,-0.8487814786035208,1,
1761200454.4529538,-0.672209419521846,1,
1761200454.4579537,-1.134870086159797,1,
1761200454.4629538,-1.2664790159373993,1,
1761200454.4679537,-1.3191707054792887,1,
1761200454.4729538,-1.325461850347445,1,
1761200454.4779537,-1.194165042757247,1,
1761200454.4829538,-1.122307246614045,1,
1761200454.4879537,-1.142293914247922,1,
1761200454.4929538,-1.034563350192795,1,
1761200454.497954,-1.1950316957383444,1,
1761200454.5029538,-0.8998308261459103,1,
1761200454.507954,-1.2316760675220175,1,
1761200454.5129538,-0.6182659600364335,1,
1761200454.517954,-1.0161343500011832,1,
1761200454.5229535,-1.2871632943491584,1,
1761200454.527954,-1.2999709625714455,1,
1761200454.5329535,-0.9550735330039992,1,
1761200454.537954,-1.0578860676675883,1,
1761200454.5429535,-0.8280202944315188,1,
1761200454.5479538,-0.8299683664162373,1,
1761200454.5529535,-0.8893281354370678,1,
1761200454.5579538,-0.9908152707281072,1,
1761200454.5629537,-1.0678782326356004,1,
1761200454.5679538,-0.7946452931643724,1,
1761200454.5729537,-0.4717123951101004,1,
1761200454.5779538,-0.5352856600960189,1,
1761200454.5829537,-0.7600829056204865,1,
1761200454.5879538,-0.4071132780513772,1,
1761200454.5929537,-0.2937569173041701,1,
1761200454.5979538,-0.4751993518380533,1,
1761200454.6029537,-0.1941125563137653,1,
1761200454.6079538,-0.1387581365879648,1,
1761200454.6129537,-0.3039426830013008,1,
1761200454.6179538,0.071557472069656,2,
1761200454.622954,0.187505528708824,2,
1761200454.6279538,0.367010128912219,2,
1761200454.632954,0.4356179879098504,2,
1761200454.6379538,0.0228939910064073,2,
1761200454.642954,0.1832553852669097,2,30.0
1761200454.6479535,0.5447565166633446,2,30.0
1761200454.652954,0.6136923400605276,2,30.0
1761200454.6579535,0.681113946183268,2,30.0
1761200454.662954,1.413538452105738,2,30.0
1761200454.6679535,0.8195204048896007,2,30.0
1761200454.6729538,0.9920219157345468,2,30.0
1761200454.6779535,1.0122568798130671,2,30.0
1761200454.6829538,1.0050406031668522,2,30.0
1761200454.6879537,0.8615620424028778,2,30.0
1761200454.6929538,1.12261423734859,2,30.0
1761200454.6979537,0.8586284676949042,2,30.0
1761200454.7029538,1.0042042947046337,2,30.0
1761200454.7079537,0.9887197533934028,2,30.0
1761200454.7129538,1.132106610943166,2,30.0
1761200454.7179537,1.6041995328888865,2,30.0
1761200454.7229538,0.7888467548360074,2,30.0
1761200454.7279537,1.3159967389493292,2,30.0
1761200454.7329538,0.8679944673394431,2,30.0
1761200454.7379537,1.1032457009560392,2,30.0
1761200454.7429538,1.4177901193934732,2,30.0
1761200454.747954,1.2104880779330185,2,30.0
1761200454.7529538,0.9749886859915124,2,30.0
1761200454.757954,1.0356839590224327,2,30.0
1761200454.7629538,1.2982193431412925,2,30.0
1761200454.767954,0.9951944932107566,2,30.0
1761200454.7729535,1.1590235009822971,2,30.0
1761200454.777954,1.094906830939987,2,30.0
1761200454.7829535,0.9212479465314728,2,30.0
1761200454.787954,1.4419823284674846,2,30.0
1761200454.7929535,1.0976041977135396,2,30.0
1761200454.7979538,0.5195873739994262,2,30.0
1761200454.8029535,0.9120532158595788,2,30.0
1761200454.8079538,0.6890992341607501,2,30.0
1761200454.8129537,0.9353954546576726,2,30.0
1761200454.8179538,0.5468381550644281,2,30.0
1761200454.8229537,0.6200448656814153,2,30.0
1761200454.8279538,0.6791018647181511,2,30.0
1761200454.8329537,0.6840861887121114,2,30.0
1761200454.8379538,0.2016901818104585,2,30.0
1761200454.8429537,0.3039201460817459,2,30.0
1761200454.8479538,0.2034388023656356,2,30.0
1761200454.8529537,0.0941917309881266,2,30.0
1761200454.8579538,0.5034907283333844,2,30.0
1761200454.8629537,0.1563449656273653,2,30.0
1761200454.8679538,-0.2521767908670083,2,30.0
1761200454.872954,0.1082237659757782,2,30.0
1761200454.8779538,0.2740313591253632,2,30.0
1761200454.882954,-0.0183645253926402,2,30.0
1761200454.8879538,-0.6023018577886281,2,30.0
1761200454.892954,-0.4676672078231885,2,30.0
1761200454.8979535,-0.1883672333842898,2,30.0
1761200454.902954,-0.6524690430018399,2,30.0
1761200454.9079535,-0.4893405232928127,2,30.0
1761200454.912954,-0.4880653432889282,2,30.0
1761200454.9179535,-0.8907283970665837,2,30.0
1761200454.9229538,-0.7768138589107868,2,30.0
1761200454.9279535,-1.4697099951282395,2,30.0
1761200454.9329538,-1.0796398811725505,2,30.0
1761200454.9379537,-0.9751295216095802,2,30.0
1761200454.9429538,-1.220377029642905,2,30.0
1761200454.9479537,-0.6867112498160914,2,30.0
1761200454.9529538,-1.3375962916447632,2,30.0
1761200454.9579537,-1.1738013602986204,2,30.0
1761200454.9629538,-1.0895836676086832,2,30.0
1761200454.9679537,-0.853013161740961,2,30.0
1761200454.9729538,-1.449472223590245,2,30.0
1761200454.9779537,-0.9461119504434348,2,30.0
1761200454.9829538,-1.188491029373456,2,30.0
1761200454.9879537,-1.393933804323516,2,30.0
1761200454.9929538,-1.1075793051473457,2,30.0
1761200454.997954,-1.157820134999232,2,30.0
1761200455.0029538,-1.310581017009132,2,30.0
1761200455.007954,-1.1647842838764226,2,30.0
1761200455.0129538,-1.2393625127267094,2,30.0
1761200455.017954,-1.1185643505039349,2,30.0
1761200455.0229535,-0.9833056481616927,2,30.0
1761200455.027954,-0.7685890997301537,2,30.0
1761200455.0329535,-1.2991311158180072,2,30.0
1761200455.037954,-0.5865868356711661,2,30.0
1761200455.0429535,-1.3612379531544363,2,15.0
1761200455.0479538,-0.954972910338066,2,15.0
1761200455.0529535,-0.7570989116087783,2,15.0
1761200455.0579538,-0.7652581535674198,2,15.0
1761200455.0629537,-0.8894486916625467,2,15.0
1761200455.0679538,-0.7469667528224235,2,15.0
1761200455.0729537,-0.7415923409065636,2,15.0
1761200455.0779538,-0.6959773603109022,2,15.0
1761200455.0829537,-0.3410147304738802,2,15.0
1761200455.0879538,-0.3703463660286065,2,15.0
1761200455.0929537,-0.5094023123020666,2,15.0
1761200455.0979538,-0.1185078895111747,2,15.0
1761200455.1029537,-0.1633976733275472,2,15.0
1761200455.1079538,0.0121725434906269,2,15.0
1761200455.1129537,0.0505771449495459,2,20.0
1761200455.1179538,-0.1657990021844153,2,20.0
1761200455.122954,-0.0366875846042149,2,20.0
1761200455.1279538,0.2998586013018157,2,20.0
1761200455.132954,0.3469316305895645,2,20.0
1761200455.1379538,0.2942475458049935,2,20.0
1761200455.142954,0.3942858699116944,2,20.0
1761200455.1479535,0.6972824423792993,2,20.0
1761200455.152954,0.3926208721109215,2,20.0
1761200455.1579535,0.6875238851560659,2,20.0
1761200455.162954,0.6025536234880168,2,20.0
1761200455.1679535,0.661806062105523,2,20.0
1761200455.1729538,0.9846641580958646,2,20.0
1761200455.1779535,0.9865397969120312,2,20.0
1761200455.1829538,1.03746428010582,2,20.0
1761200455.1879537,1.185711652761814,2,20.0
1761200455.1929538,0.9750211615764868,2,20.0
1761200455.1979537,1.149584104861411,2,20.0
1761200455.2029538,0.9895146647339452,2,20.0
1761200455.2079537,1.1506257334569117,2,20.0
1761200455.2129538,1.0897031721923645,2,20.0
1761200455.2179537,1.1606670125527274,2,20.0
1761200455.2229538,1.2813311984417397,2,20.0
1761200455.2279537,1.0151005642277322,2,20.0
1761200455.2329538,1.6090150967144652,2,20.0
1761200455.2379537,0.9964285978139856,2,20.0
1761200455.2429538,0.9571622774424536,2,20.0
1761200455.247954,1.4292542488139397,2,20.0
1761200455.2529538,1.3488701803699603,2,20.0
1761200455.257954,1.3035686642848576,2,20.0
1761200455.2629538,1.2879688952072132,2,20.0
1761200455.267954,1.1388184649848017,2,20.0
1761200455.2729535,0.9362809087687358,2,20.0
1761200455.277954,1.1009533745979676,2,20.0
1761200455.2829535,0.9161356737502148,2,20.0
1761200455.287954,1.2082174572859696,2,20.0
1761200455.2929535,0.9414089169495083,2,20.0
1761200455.2979538,0.759516451972447,2,20.0
1761200455.3029535,0.8104851845750949,2,20.0
1761200455.3079538,0.9040428179695512,2,20.0
1761200455.3129537,0.6521638771376331,2,20.0
1761200455.3179538,0.5408982236376823,2,20.0
1761200455.3229537,0.6917295962731796,2,20.0
1761200455.3279538,0.6270977231438045,2,20.0
1761200455.3329537,0.4095465148038594,2,20.0
1761200455.3379538,0.3475418020979515,2,20.0
1761200455.3429537,0.4172303807214631,2,20.0
1761200455.3479538,0.0088109962983602,2,20.0
1761200455.3529537,-0.0566351773724417,2,20.0
1761200455.3579538,0.006711036026678,2,20.0
1761200455.3629537,0.0326591930928071,2,20.0
1761200455.3679538,0.0621815131196019,2,20.0
1761200455.372954,0.2197226199547315,2,20.0
1761200455.3779538,0.0211320443632407,2,20.0
1761200455.382954,-0.2568452834955568,2,20.0
1761200455.3879538,-0.3022311061783608,2,20.0
1761200455.392954,-0.5713262661774997,2,20.0
1761200455.3979535,-0.4454520904200921,2,20.0
1761200455.402954,-0.5686668776621151,2,20.0
1761200455.4079535,-0.5135606968544402,2,20.0
1761200455.412954,-0.80843834268526,2,20.0
1761200455.4179535,-0.6014729999027325,2,20.0
1761200455.4229538,-0.4583610050979109,2,20.0
1761200455.4279535,-0.8432085568057965,2,20.0
1761200455.4329538,-0.794420008485904,2,20.0
1761200455.4379537,-0.7865870929887255,2,20.0
1761200455.4429538,-1.0510644876271025,2,20.0
1761200455.4479537,-0.968375014240335,2,20.0
1761200455.4529538,-1.0490495358962777,2,20.0
1761200455.4579537,-1.066257243249457,2,20.0
1761200455.4629538,-1.2703337398369947,2,20.0
1761200455.4679537,-1.1363657847023954,2,20.0
1761200455.4729538,-1.0627001351052672,2,20.0
1761200455.4779537,-0.8885159793154184,2,20.0
1761200455.4829538,-0.9986834763603316,2,20.0
1761200455.4879537,-0.7669955826116146,2,20.0
1761200455.4929538,-1.35346951257761,2,20.0
1761200455.497954,-1.0231679467697905,2,20.0
1761200455.5029538,-1.1538692404297028,2,20.0
1761200455.507954,-0.740784114230892,2,20.0
1761200455.5129538,-1.3239594504253878,2,20.0
1761200455.517954,-1.3092121879903398,2,20.0
1761200455.5229535,-1.2356103121547066,2,20.0
1761200455.527954,-1.5105716078211835,2,20.0
1761200455.5329535,-1.1567190203887896,2,20.0
1761200455.537954,-1.165020042913159,2,20.0
1761200455.5429535,-0.9407416359546946,2,20.0
1761200455.5479538,-0.8562646961755176,2,20.0
1761200455.5529535,-0.4995281850625164,2,20.0
1761200455.5579538,-0.6313717594772166,2,20.0
1761200455.5629537,-0.8802895188309088,2,20.0
1761200455.5679538,-0.8850252370206403,2,20.0
1761200455.5729537,-0.5446083196734961,2,20.0
1761200455.5779538,-0.8421510503261884,2,20.0
1761200455.5829537,-0.1446433967072147,2,20.0
1761200455.5879538,-0.2058614390773588,2,20.0
1761200455.5929537,-0.4646555236708769,2,20.0
1761200455.5979538,-0.6410547704160008,2,20.0
1761200455.6029537,0.0459168973302131,2,20.0
1761200455.6079538,-0.173307849327689,2,20.0
1761200455.6129537,0.1722146389595155,2,20.0
1761200455.6179538,-0.3188855317588746,1,20.0
1761200455.622954,-0.0445263811555801,1,20.0
1761200455.6279538,0.1514486202208039,1,20.0
1761200455.632954,0.2342536962558197,1,20.0
1761200455.6379538,0.2084147703019742,1,20.0
1761200455.642954,0.4953903797194334,1,20.0
1761200455.6479535,0.2282253773450951,1,20.0
1761200455.652954,0.4824592528738285,1,20.0
1761200455.6579535,0.6021635352644378,1,20.0
1761200455.662954,0.7458799207865451,1,20.0
1761200455.6679535,0.8476652783687413,1,20.0
1761200455.6729538,0.5399803693308558,1,20.0
1761200455.6779535,0.5146336929673003,1,20.0
1761200455.6829538,1.130297717285394,1,20.0
1761200455.6879537,0.9910786937268636,1,20.0
1761200455.6929538,0.8211230859386267,1,20.0
1761200455.6979537,1.323423905706923,1,20.0
1761200455.7029538,1.0747029429112078,1,20.0
1761200455.7079537,1.3216518997719868,1,20.0
1761200455.7129538,1.129235479347925,1,20.0
1761200455.7179537,1.5534174045305813,1,20.0
1761200455.7229538,1.5133679618429978,1,20.0
1761200455.7279537,1.1289518711786113,1,20.0
1761200455.7329538,1.3848518317682448,1,20.0
1761200455.7379537,1.3267072640309554,1,20.0
1761200455.7429538,1.4737263115064696,1,20.0
1761200455.747954,1.0046473819979052,1,20.0
1761200455.7529538,1.3277479335770608,1,20.0
1761200455.757954,1.390429598244344,1,20.0
1761200455.7629538,0.8105518960697347,1,20.0
1761200455.767954,0.9046161170210296,1,20.0
1761200455.7729535,0.7078853475138804,1,20.0
1761200455.777954,1.031911096070311,1,20.0
1761200455.7829535,1.19507646721183,1,20.0
1761200455.787954,1.3136649210216254,1,20.0
1761200455.7929535,0.9856393493338914,1,20.0
1761200455.7979538,1.250339000445205,1,20.0
1761200455.8029535,0.5987420612627155,1,20.0
1761200455.8079538,0.4807800392433958,1,20.0
1761200455.8129537,0.7537992479191078,1,20.0
1761200455.8179538,0.7821553925388268,1,20.0
1761200455.8229537,0.6364532043559789,1,20.0
1761200455.8279538,0.1646159889140848,1,20.0
1761200455.8329537,0.4931111419755318,1,20.0
1761200455.8379538,0.1808555631206417,1,20.0
1761200455.8429537,0.5047549030159438,1,20.0
1761200455.8479538,0.371747513817195,1,20.0
1761200455.8529537,0.0368816202374027,1,20.0
1761200455.8579538,0.0476264968098225,1,20.0
1761200455.8629537,-0.1364940809426134,1,20.0
1761200455.8679538,-0.012535819454633,1,20.0
1761200455.872954,0.1156798406650733,1,20.0
1761200455.8779538,-0.3475450895442759,1,20.0
1761200455.882954,-0.1240482743993023,1,20.0
1761200455.8879538,-0.4044793882723109,1,20.0
1761200455.892954,-0.5293949597024025,1,20.0
1761200455.8979535,-0.4631555352125254,1,20.0
1761200455.902954,-0.7179836143619619,1,20.0
1761200455.9079535,-0.6888342699914943,1,20.0
1761200455.912954,-0.8825677324925648,1,20.0
1761200455.9179535,-0.3123972761676922,1,20.0
1761200455.9229538,-0.7578560773040838,1,20.0
1761200455.9279535,-0.961401628712942,1,20.0
1761200455.9329538,-0.8319663707588475,1,20.0
1761200455.9379537,-0.947081501269111,1,20.0
1761200455.9429538,-1.015014313156582,1,20.0
1761200455.9479537,-0.8903601705937331,1,20.0
1761200455.9529538,-0.9000664740431752,1,20.0
1761200455.9579537,-1.191892692481327,1,20.0
1761200455.9629538,-1.2308954311948388,1,20.0
1761200455.9679537,-1.1962781589845126,1,20.0
1761200455.9729538,-1.622684026301474,1,20.0
1761200455.9779537,-1.4817829133141365,1,27.0
1761200455.9829538,-0.9171627880884688,1,27.0
1761200455.9879537,-0.8686385314136691,1,27.0
1761200455.9929538,-1.2498072079112756,1,27.0
1761200455.997954,-1.0823206815027728,1,27.0
1761200456.0029538,-1.1282876106686657,1,27.0
1761200456.007954,-0.562968539183379,1,27.0
1761200456.0129538,-0.9383848110674422,1,27.0
1761200456.017954,-1.166851337850338,1,27.0
1761200456.0229535,-1.306839871185986,1,27.0
1761200456.027954,-1.4070817270107372,1,27.0
1761200456.0329535,-1.010875288879193,1,27.0
1761200456.037954,-1.1644636596592803,1,27.0
1761200456.0429535,-1.2552711351694714,1,27.0
1761200456.0479538,-1.053930468179452,1,27.0
1761200456.0529535,-1.091071953628573,1,27.0
1761200456.0579538,-0.4840282000999137,1,27.0
1761200456.0629537,-0.5885808363085415,1,27.0
1761200456.0679538,-0.706936831014289,1,27.0
1761200456.0729537,-0.3470033261967923,1,27.0
1761200456.0779538,-0.5626307473925366,1,27.0
1761200456.0829537,-0.6831919901437424,1,27.0
1761200456.0879538,-0.137124647767681,1,27.0
1761200456.0929537,-0.2630383845130045,1,27.0
1761200456.0979538,-0.5058770954631168,1,27.0
1761200456.1029537,-0.2629253131195955,1,27.0
1761200456.1079538,-0.3255235309541129,1,27.0
1761200456.1129537,-0.3519085696280443,1,27.0
1761200456.1179538,0.1852355095063268,1,27.0
1761200456.122954,0.4572319515292002,1,27.0
1761200456.1279538,-0.1293136344866612,1,27.0
1761200456.132954,0.3374514248409852,1,27.0
1761200456.1379538,0.1682993507734572,1,27.0
1761200456.142954,0.2733953164969943,1,27.0
1761200456.1479535,0.3232706783738399,1,27.0
1761200456.152954,0.3381369959421237,1,27.0
1761200456.1579535,0.5878087345110231,1,27.0
1761200456.162954,0.4768021306925875,1,27.0
1761200456.1679535,0.7594336679069378,1,27.0
1761200456.1729538,0.7548611658085987,1,27.0
1761200456.1779535,0.7736669177411458,1,27.0
1761200456.1829538,0.6932496204973724,1,27.0
1761200456.1879537,0.8092616252172757,1,27.0
1761200456.1929538,1.1218986384150909,1,27.0
1761200456.1979537,1.1133769481272944,1,27.0
1761200456.2029538,0.8560569670929239,1,27.0
1761200456.2079537,1.1056589240450685,1,27.0
1761200456.2129538,1.2660092077402607,1,27.0
1761200456.2179537,0.8073867633299094,1,27.0
1761200456.2229538,1.270971831830345,1,27.0
1761200456.2279537,1.0462199490852564,1,27.0
1761200456.2329538,1.3046573752960056,1,27.0
1761200456.2379537,1.044980242805422,1,27.0
1761200456.2429538,0.8390235798670962,1,27.0
1761200456.247954,0.8721235865372936,1,27.0
1761200456.2529538,1.2001546309096498,1,27.0
1761200456.257954,1.2306892012187225,1,27.0
1761200456.2629538,0.981436468333476,1,27.0
1761200456.267954,1.2689863113096609,1,27.0
1761200456.2729535,0.7834277706121104,1,27.0
1761200456.277954,1.0725765032297594,1,27.0
1761200456.2829535,0.8093647761001461,1,27.0
1761200456.287954,0.8828262890419856,1,27.0
1761200456.2929535,0.9803001275132168,1,27.0
1761200456.2979538,0.7525332182741564,1,27.0
1761200456.3029535,0.7978512440597318,1,27.0
1761200456.3079538,1.0227150889573149,1,27.0
1761200456.3129537,0.649530413793802,1,27.0
1761200456.3179538,0.8724807251639974,1,27.0
1761200456.3229537,0.4170507830432702,1,27.0
1761200456.3279538,0.684065244505117,1,27.0
1761200456.3329537,0.7992488740096737,1,27.0
1761200456.3379538,-0.0525794368038491,1,27.0
1761200456.3429537,0.211441342155841,1,27.0
1761200456.3479538,0.4138422900339378,1,27.0
1761200456.3529537,0.1842485002942713,1,27.0
1761200456.3579538,0.2246290549514233,1,27.0
1761200456.3629537,-0.0454484139079868,1,27.0
1761200456.3679538,0.0173179574945858,1,27.0
1761200456.372954,-0.1064840705135899,1,27.0
1761200456.3779538,0.0831565320547946,1,27.0
1761200456.382954,-0.173973408842624,1,27.0
1761200456.3879538,-0.2309073321827862,1,27.0
1761200456.392954,-0.4531957864744268,1,27.0
1761200456.3979535,-0.5392707080361123,1,27.0
1761200456.402954,-0.597446787442015,1,27.0
1761200456.4079535,-0.4992139804463982,1,27.0
1761200456.412954,-0.7271890501388438,1,27.0
1761200456.4179535,-0.6473873313716838,1,27.0
1761200456.4229538,-0.3498286279693415,1,27.0
1761200456.4279535,-0.6472315864280862,1,27.0
1761200456.4329538,-0.9399670593392632,1,27.0
1761200456.4379537,-0.6843731068981559,1,27.0
1761200456.4429538,-1.0524354678542474,1,27.0
1761200456.4479537,-1.4208184176379866,1,27.0
1761200456.4529538,-1.253185278236117,1,27.0
1761200456.4579537,-1.4599508471643925,1,27.0
1761200456.4629538,-1.1860344798741629,1,27.0
1761200456.4679537,-1.1375841437162746,1,27.0
1761200456.4729538,-0.8270123308993,1,27.0
1761200456.4779537,-1.1133592261215923,1,27.0
1761200456.4829538,-1.234357747339147,1,27.0
1761200456.4879537,-1.031750957877228,1,27.0
1761200456.4929538,-1.642227061801577,1,27.0
1761200456.497954,-1.1505091624922128,1,27.0
1761200456.5029538,-1.0363646027999796,1,27.0
1761200456.507954,-1.4744619500303948,1,27.0
1761200456.5129538,-0.9335489847129728,1,27.0
1761200456.517954,-1.073568538055302,1,27.0
1761200456.5229535,-1.198789365846061,1,27.0
1761200456.527954,-0.9592360897379676,1,27.0
1761200456.5329535,-0.5974294444917565,1,27.0
1761200456.537954,-0.9768202595907208,1,27.0
1761200456.5429535,-0.9211762759898694,1,27.0
1761200456.5479538,-1.0164880712389932,1,27.0
1761200456.5529535,-1.0447312267986526,1,27.0
1761200456.5579538,-0.655389363805581,1,27.0
1761200456.5629537,-0.936125552880202,1,27.0
1761200456.5679538,-0.6910290553070871,1,27.0
1761200456.5729537,-0.738523643327821,1,27.0
1761200456.5779538,-0.4823084437727785,1,27.0
1761200456.5829537,-0.4442027288207002,1,27.0
1761200456.5879538,-0.2342414743700329,1,27.0
1761200456.5929537,-0.47282367302089,1,27.0
1761200456.5979538,-0.3524028516565,1,27.0
1761200456.6029537,-0.4206103206593357,1,27.0
1761200456.6079538,-0.2392585322923883,1,27.0
1761200456.6129537,0.0001114751737973,1,27.0
1761200456.6179538,0.1513977233290686,7,27.0
1761200456.622954,-0.1090844414003555,7,27.0
1761200456.6279538,0.324321064298303,7,27.0
1761200456.632954,0.4959851492638609,7,27.0
1761200456.6379538,0.3811148452425625,7,27.0
1761200456.642954,0.7461795557615505,7,27.0
1761200456.6479535,0.2869916234009028,7,27.0
1761200456.652954,0.2620042092158033,7,27.0
1761200456.6579535,0.222360359141198,7,27.0
1761200456.662954,0.9422010162726314,7,27.0
1761200456.6679535,0.8362154340217813,7,27.0
1761200456.6729538,0.7537918535163349,7,27.0
1761200456.6779535,0.8774502523783916,7,27.0
1761200456.6829538,0.6496645434460164,7,27.0
1761200456.6879537,1.4137662872543126,7,27.0
1761200456.6929538,0.996664629644985,7,27.0
1761200456.6979537,1.0350724695233968,7,40.0
1761200456.7029538,1.1967213408323722,7,40.0
1761200456.7079537,1.1819943093065657,7,40.0
1761200456.7129538,1.160508587921729,7,40.0
1761200456.7179537,0.9831729284651212,7,40.0
1761200456.7229538,1.2565934647815569,7,40.0
1761200456.7279537,1.5551496001694325,7,40.0
1761200456.7329538,1.4596216508083693,7,40.0
1761200456.7379537,1.5162693994418048,7,40.0
1761200456.7429538,1.097756864713763,7,40.0
1761200456.747954,0.99971111006221,7,40.0
1761200456.7529538,1.1653802575574437,7,40.0
1761200456.757954,1.1898896833321648,7,40.0
1761200456.7629538,1.3811380970485474,7,40.0
1761200456.767954,0.8027748936112222,7,40.0
1761200456.7729535,1.4216418469580254,7,40.0
1761200456.777954,1.054190883243425,7,40.0
1761200456.7829535,0.9661918020631536,7,40.0
1761200456.787954,0.8107726355503841,7,40.0
1761200456.7929535,0.6398490588767802,7,40.0
1761200456.7979538,1.0892500081233305,7,40.0
1761200456.8029535,0.8894259463433779,7,40.0
1761200456.8079538,0.5634643471662163,7,40.0
1761200456.8129537,0.5058930332857021,7,40.0
1761200456.8179538,0.6381853628929436,7,40.0
1761200456.8229537,0.9767964590326728,7,40.0
1761200456.8279538,0.5261861386493397,7,40.0
1761200456.8329537,0.2103065592544726,7,40.0
1761200456.8379538,0.3926008504044201,7,40.0
1761200456.8429537,0.3162756793004025,7,40.0
1761200456.8479538,-0.2409494639904842,7,40.0
1761200456.8529537,0.2139986041993077,7,40.0
1761200456.8579538,0.1042129742354263,7,40.0
1761200456.8629537,0.2145898963978612,7,40.0
1761200456.8679538,0.3697912189890667,7,40.0
1761200456.872954,0.1499643824743777,7,40.0
1761200456.8779538,-0.2041776183881327,7,40.0
1761200456.882954,-0.4461627592512005,7,40.0
1761200456.8879538,0.2162440960521457,7,40.0
1761200456.892954,-0.3589767064470354,7,40.0
1761200456.8979535,-0.4389636048390241,7,40.0
1761200456.902954,-0.5157601673000911,7,40.0
1761200456.9079535,-0.5384874567684864,7,40.0
1761200456.912954,-0.6718642363595795,7,40.0
1761200456.9179535,-0.8200747041270133,7,40.0
1761200456.9229538,-0.8742805759465077,7,40.0
1761200456.9279535,-0.828007181157624,7,40.0
1761200456.9329538,-0.9834473071324474,7,40.0
1761200456.9379537,-1.067185047866383,7,40.0
1761200456.9429538,-0.9495343477115576,7,40.0
1761200456.9479537,-1.0641889540865868,7,40.0
1761200456.9529538,-0.7507694183360982,7,40.0
1761200456.9579537,-1.6159864246378235,7,40.0
1761200456.9629538,-0.8974304126814087,7,40.0
1761200456.9679537,-0.8920507810546592,7,40.0
1761200456.9729538,-1.5769778398359866,7,40.0
1761200456.9779537,-1.247282219690495,7,40.0
1761200456.9829538,-1.2648258147765323,7,40.0
1761200456.9879537,-1.4791344130574902,7,40.0
1761200456.9929538,-1.355563337518175,7,40.0
1761200456.997954,-1.4197472432070917,7,40.0
1761200457.0029538,-0.8400835528926485,7,40.0
1761200457.007954,-0.9916090222449344,7,40.0
1761200457.0129538,-0.9079887743555268,7,40.0
1761200457.017954,-0.9969334067455378,7,40.0
1761200457.0229535,-1.3415421373093466,7,40.0
1761200457.027954,-1.1906965162151792,7,40.0
1761200457.0329535,-0.9536931038070524,7,40.0
1761200457.037954,-1.2576190723808092,7,40.0
1761200457.0429535,-0.8282207072154592,7,40.0
1761200457.0479538,-0.9726809709625716,7,40.0
1761200457.0529535,-0.9497265144156138,7,40.0
1761200457.0579538,-0.679264533473732,7,40.0
1761200457.0629537,-0.676056125401221,7,40.0
1761200457.0679538,-0.7775355359147819,7,40.0
1761200457.0729537,-0.4111261933019483,7,40.0
1761200457.0779538,-0.7943170744420365,7,40.0
1761200457.0829537,-0.3877480284892374,7,40.0
1761200457.0879538,-0.3231292116279363,7,40.0
1761200457.0929537,-0.4327296811127389,7,40.0
1761200457.0979538,-0.2332012601494024,7,40.0
1761200457.1029537,-0.475080292779935,7,40.0
1761200457.1079538,0.0344055235642139,7,40.0
1761200457.1129537,-0.1123290507237712,7,40.0
1761200457.1179538,-0.1045446041038099,7,40.0
1761200457.122954,0.2851504686025472,7,40.0
1761200457.1279538,0.0095311421686188,7,40.0
1761200457.132954,-0.0568346817698415,7,40.0
1761200457.1379538,-0.0128979701069587,7,40.0
1761200457.142954,0.4920223835190648,7,40.0
1761200457.1479535,0.1856635927223605,7,40.0
1761200457.152954,0.8618939862749594,7,40.0
1761200457.1579535,0.161718527345309,7,40.0
1761200457.162954,0.982283427632802,7,40.0
1761200457.1679535,0.7475457961914931,7,40.0
1761200457.1729538,0.7455661653243472,7,40.0
1761200457.1779535,0.7124727097526373,7,40.0
1761200457.1829538,0.9545895757761056,7,40.0
1761200457.1879537,0.9170889508459776,7,40.0
1761200457.1929538,1.1914807696532437,7,40.0
1761200457.1979537,1.0360390403348256,7,40.0
1761200457.2029538,1.0816283683450094,7,40.0
1761200457.2079537,1.0130700205164516,7,40.0
1761200457.2129538,1.104342658321689,7,40.0
1761200457.2179537,1.2028281733325952,7,40.0
1761200457.2229538,0.8202661148230326,7,40.0
1761200457.2279537,0.9091076164532832,7,40.0
1761200457.2329538,1.3391904603819165,7,40.0
1761200457.2379537,1.2318051617395138,7,40.0
1761200457.2429538,1.1632033327294642,7,40.0
1761200457.247954,1.201318860727005,7,40.0
1761200457.2529538,1.2600539826497077,7,40.0
1761200457.257954,1.0707927648125537,7,40.0
1761200457.2629538,1.0066388482738953,7,40.0
1761200457.267954,1.1804368705737225,7,40.0
1761200457.2729535,0.9200572275428962,7,40.0
1761200457.277954,1.1674430141021173,7,40.0
1761200457.2829535,0.7110512952050698,7,40.0
1761200457.287954,1.2190246380675465,7,40.0
1761200457.2929535,1.065339889732543,7,40.0
1761200457.2979538,0.9758218381937224,7,40.0
1761200457.3029535,1.0713005496948,7,40.0
1761200457.3079538,1.1545514160069428,7,40.0
1761200457.3129537,0.9677828007020516,7,40.0
1761200457.3179538,0.3371674564846403,7,40.0
1761200457.3229537,0.3870767606276541,7,40.0
1761200457.3279538,0.4531406933829252,7,40.0
1761200457.3329537,0.5161533599202609,7,40.0
1761200457.3379538,0.5452812673154339,7,40.0
1761200457.3429537,0.2256716306192438,7,40.0
1761200457.3479538,0.3357812174932459,7,40.0
1761200457.3529537,0.0737809910322059,7,40.0
1761200457.3579538,0.0280963196787725,7,40.0
1761200457.3629537,-0.2059835959344666,7,40.0
1761200457.3679538,-0.1846466492221744,7,40.0
1761200457.372954,-0.3456855445584401,7,40.0
1761200457.3779538,-0.3455745308726328,7,40.0
1761200457.382954,-0.0141292181812981,7,40.0
1761200457.3879538,-0.4883076423642146,7,40.0
1761200457.392954,0.1556560197175454,7,40.0
1761200457.3979535,-0.3430858830454352,7,40.0
1761200457.402954,-0.4739679251391154,7,40.0
1761200457.4079535,-0.7497759649582998,7,40.0
1761200457.412954,-0.5029301780929926,7,40.0
1761200457.4179535,-0.8204698679985207,7,40.0
1761200457.4229538,-0.7405068247693566,7,40.0
1761200457.4279535,-0.3094396194606651,7,40.0
1761200457.4329538,-0.8939743328506243,7,40.0
1761200457.4379537,-0.6947612260738149,7,40.0
1761200457.4429538,-1.1114556782751142,7,40.0
1761200457.4479537,-1.020191208701808,7,40.0
1761200457.4529538,-0.697407888925534,7,40.0
1761200457.4579537,-1.2111858745167745,7,40.0
1761200457.4629538,-0.7532420714665151,7,40.0
1761200457.4679537,-0.9997174324630896,7,40.0
1761200457.4729538,-1.2747931485332102,7,40.0
1761200457.4779537,-1.0522631530633209,7,40.0
1761200457.4829538,-0.9960267516520278,7,40.0
1761200457.4879537,-1.0732700816704863,7,40.0
1761200457.4929538,-1.5140449439780912,7,40.0
1761200457.497954,-1.3430595092788995,7,40.0
1761200457.5029538,-1.240041368687674,7,40.0
1761200457.507954,-1.193631386694436,7,40.0
1761200457.5129538,-1.0381653738442234,7,40.0
1761200457.517954,-1.1057276193675345,7,40.0
1761200457.5229535,-1.3828006548079212,7,40.0
1761200457.527954,-1.0097528927580322,7,40.0
1761200457.5329535,-0.9294508669958712,7,40.0
1761200457.537954,-0.901235421016212,7,40.0
1761200457.5429535,-0.7546642481390125,7,40.0
1761200457.5479538,-0.7578314604211639,7,40.0
1761200457.5529535,-0.7829263370600071,7,40.0
1761200457.5579538,-0.83548966940616,7,40.0
1761200457.5629537,-1.0971009744016276,7,40.0
1761200457.5679538,-0.6194186589244489,7,40.0
1761200457.5729537,-0.601454616542176,7,40.0
1761200457.5779538,-0.5237886414829827,7,40.0
1761200457.5829537,-0.7662848650421447,7,40.0
1761200457.5879538,-0.6579607713032658,7,40.0
1761200457.5929537,-0.1601898225833604,7,40.0
1761200457.5979538,-0.3063388953691573,7,40.0
1761200457.6029537,-0.0885574380283499,7,40.0
1761200457.6079538,-0.1447362050510743,7,40.0
1761200457.6129537,-0.0693973955360246,7,40.0
1761200457.6179538,0.1876567611951972,6,40.0
1761200457.622954,-0.0278603222083057,6,40.0
1761200457.6279538,0.1696240356653586,6,40.0
1761200457.632954,0.1324025197618533,6,40.0
1761200457.6379538,0.2115286191113669,6,40.0
1761200457.642954,0.3089859685562087,6,40.0
1761200457.6479535,0.4861762175483595,6,40.0
1761200457.652954,0.4151854255453907,6,40.0
1761200457.6579535,0.8292556340367574,6,40.0
1761200457.662954,0.4640706935308935,6,40.0
1761200457.6679535,0.6679679739186907,6,40.0
1761200457.6729538,0.6769625760435904,6,40.0
1761200457.6779535,1.1108521039851738,6,40.0
1761200457.6829538,0.914073308208012,6,40.0
1761200457.6879537,1.1309847992246742,6,40.0
1761200457.6929538,0.6737083186425448,6,40.0
1761200457.6979537,1.0666035637762694,6,40.0
1761200457.7029538,1.229494175177321,6,40.0
1761200457.7079537,1.1022492608143075,6,40.0
1761200457.7129538,1.3288278580789696,6,40.0
1761200457.7179537,1.0378101295341065,6,40.0
1761200457.7229538,1.4441692813914735,6,40.0
1761200457.7279537,1.6385243255982775,6,40.0
1761200457.7329538,1.1179699294894416,6,40.0
1761200457.7379537,1.108531569833771,6,40.0
1761200457.7429538,1.49067689542354,6,40.0
1761200457.747954,1.5135465032600686,6,2.0
1761200457.7529538,1.085965636146721,6,2.0
1761200457.757954,1.0947073374552558,6,2.0
1761200457.7629538,1.1059428715822543,6,2.0
1761200457.767954,0.8723777173473282,6,2.0
1761200457.7729535,0.932001393769063,6,2.0
1761200457.777954,0.8849643096088095,6,2.0
1761200457.7829535,0.8980085030318125,6,2.0
1761200457.787954,1.006256533125062,6,2.0
1761200457.7929535,1.0176633397572437,6,2.0
1761200457.7979538,1.2347159898937683,6,2.0
1761200457.8029535,0.6750915447579335,6,2.0
1761200457.8079538,1.018321006809738,6,2.0
1761200457.8129537,0.7221110188533242,6,2.0
1761200457.8179538,0.6954495608204831,6,2.0
1761200457.8229537,0.7779560524081156,6,2.0
1761200457.8279538,0.3535600046096016,6,2.0
1761200457.8329537,0.5874170991149046,6,2.0
1761200457.8379538,0.4750399048642286,6,2.0
1761200457.8429537,0.4693106460515751,6,2.0
1761200457.8479538,0.3562615933793859,6,2.0
1761200457.8529537,0.7159176054850496,6,2.0
1761200457.8579538,0.0228518834268992,6,2.0
1761200457.8629537,-0.0308507675651854,6,2.0
1761200457.8679538,-0.1246281052849546,6,2.0
1761200457.872954,-0.186444047267224,6,2.0
1761200457.8779538,-0.2778773057384611,6,2.0
1761200457.882954,0.0129457287186445,6,2.0
1761200457.8879538,-0.014327014999863,6,2.0
1761200457.892954,-0.4849696519998359,6,2.0
1761200457.8979535,-0.6082205778424585,6,2.0
1761200457.902954,-0.416652038600809,6,2.0
1761200457.9079535,-0.6885490177782511,6,2.0
1761200457.912954,-0.5164057904236883,6,2.0
1761200457.9179535,-0.6647576985807058,6,2.0
1761200457.9229538,-1.0680576106978683,6,2.0
1761200457.9279535,-0.5119554868484179,6,2.0
1761200457.9329538,-0.5155868182865898,6,2.0
1761200457.9379537,-1.0471736294278269,6,2.0
1761200457.9429538,-1.0483607052371335,6,2.0
1761200457.9479537,-0.9560204324574344,6,2.0
1761200457.9529538,-0.9846766580552307,6,2.0
1761200457.9579537,-0.9540836084246548,6,2.0
1761200457.9629538,-0.7136908753126309,6,2.0
1761200457.9679537,-1.1766572650529947,6,2.0
1761200457.9729538,-1.3219592422620494,6,2.0
1761200457.9779537,-1.454608546477332,6,2.0
1761200457.9829538,-1.3367236495657575,6,2.0
1761200457.9879537,-1.204257468688685,6,2.0
1761200457.9929538,-0.8410884272964424,6,2.0
1761200457.997954,-1.3011543339211602,6,2.0
1761200458.0029538,-1.1457800512495944,6,2.0
1761200458.007954,-1.182029280088979,6,2.0
1761200458.0129538,-0.9246211386647398,6,2.0
1761200458.017954,-0.6358813343794582,6,2.0
1761200458.0229535,-1.2219055376499657,6,2.0
1761200458.027954,-1.183680351462869,6,2.0
1761200458.0329535,-0.8427358406388218,6,2.0
1761200458.037954,-0.876815212677158,6,2.0
1761200458.0429535,-0.6014789281027353,6,2.0
1761200458.0479538,-0.8078302542657574,6,2.0
1761200458.0529535,-0.9466207710631008,6,2.0
1761200458.0579538,-0.7033255609759628,6,2.0
1761200458.0629537,-0.5431680715818478,6,2.0
1761200458.0679538,-0.5412458665114936,6,2.0
1761200458.0729537,-0.541537347753339,6,2.0
1761200458.0779538,-0.3647694710042268,6,2.0
1761200458.0829537,-0.2770760317889562,6,2.0
1761200458.0879538,-0.1653176650141161,6,2.0
1761200458.0929537,-0.2410784157320047,6,2.0
1761200458.0979538,-0.3318514806611892,6,2.0
1761200458.1029537,-0.1955148402162021,6,2.0
1761200458.1079538,0.0909019130245045,6,2.0
1761200458.1129537,-0.2387357576326212,6,2.0
1761200458.1179538,0.0737346617745775,6,2.0
1761200458.122954,-0.0033191390303034,6,2.0
1761200458.1279538,0.1561488448641251,6,2.0
1761200458.132954,0.4805479500243212,6,2.0
1761200458.1379538,0.3366476782018104,6,2.0
1761200458.142954,0.3801077028811661,6,2.0
1761200458.1479535,0.1697782350256327,6,2.0
1761200458.152954,0.66018586308353,6,2.0
1761200458.1579535,0.707201245150268,6,2.0
1761200458.162954,1.075643098635886,6,2.0
1761200458.1679535,0.643786655760362,6,2.0
1761200458.1729538,0.8087388532312131,6,2.0
1761200458.1779535,0.8713332638565779,6,2.0
1761200458.1829538,1.1902530088583918,6,2.0
1761200458.1879537,0.9055567848535564,6,2.0
1761200458.1929538,1.0266246984040068,6,2.0
1761200458.1979537,1.1347728125457253,6,2.0
1761200458.2029538,1.0888898406839052,6,2.0
1761200458.2079537,0.996505740049117,6,2.0
1761200458.2129538,1.1545497816455608,6,2.0
1761200458.2179537,1.3559941695261406,6,2.0
1761200458.2229538,0.9569967334721456,6,2.0
1761200458.2279537,1.2053386357038025,6,2.0
1761200458.2329538,1.0505134785895387,6,2.0
1761200458.2379537,1.436641399898894,6,2.0
1761200458.2429538,0.895362619043245,6,2.0
1761200458.247954,1.0858477046596084,6,2.0
1761200458.2529538,1.2659800165902788,6,2.0
1761200458.257954,1.4918495067212956,6,2.0
1761200458.2629538,1.1491497411397582,6,2.0
1761200458.267954,1.0302279142155442,6,2.0
1761200458.2729535,1.4919631969540208,6,2.0
1761200458.277954,0.7961896828759742,6,2.0
1761200458.2829535,0.6118068247286217,6,2.0
1761200458.287954,1.1011964006130843,6,2.0
1761200458.2929535,0.8704095483794175,6,2.0
1761200458.2979538,0.7203693279048106,6,2.0
1761200458.3029535,1.0164336423655629,6,2.0
1761200458.3079538,0.8702166698686613,6,2.0
1761200458.3129537,0.6520930615510805,6,2.0
1761200458.3179538,0.4492814230167911,6,2.0
1761200458.3229537,0.8174836196308239,6,2.0
1761200458.3279538,0.7081446445137937,6,2.0
1761200458.3329537,0.4910999771222181,6,2.0
1761200458.3379538,0.8110768624311508,6,2.0
1761200458.3429537,0.1568034399846988,6,2.0
1761200458.3479538,-0.0066771695871251,6,2.0
1761200458.3529537,0.0864759635266221,6,2.0
1761200458.3579538,0.1412826770060632,6,2.0
1761200458.3629537,0.1240165132997167,6,2.0
1761200458.3679538,-0.0482472115712589,6,2.0
1761200458.372954,-0.0049375441323134,6,2.0
1761200458.3779538,-0.4007077651152461,6,2.0
1761200458.382954,0.0638953433117863,6,2.0
1761200458.3879538,-0.3148581002763475,6,2.0
1761200458.392954,-0.1473612269323148,6,2.0
1761200458.3979535,-0.3732043939460717,6,2.0
1761200458.402954,-0.4195845060473328,6,2.0
1761200458.4079535,-0.4641509528756158,6,2.0
1761200458.412954,-0.5534504419713273,6,2.0
1761200458.4179535,-0.5767977507774567,6,2.0
1761200458.4229538,-0.4990782816719356,6,2.0
1761200458.4279535,-0.7821522931741359,6,2.0
1761200458.4329538,-0.7329616013879915,6,2.0
1761200458.4379537,-0.9425630301883948,6,2.0
1761200458.4429538,-0.6827969501600419,6,2.0
1761200458.4479537,-1.148471971014269,6,2.0
1761200458.4529538,-0.6913799294704723,6,2.0
1761200458.4579537,-1.0938240530880896,6,2.0
1761200458.4629538,-1.4018868034895104,6,2.0
1761200458.4679537,-1.115646936572027,6,2.0
1761200458.4729538,-1.2985101248493347,6,2.0
1761200458.4779537,-1.0106159910766817,6,2.0
1761200458.4829538,-1.321062437437852,6,2.0
1761200458.4879537,-1.2868687607568818,6,2.0
1761200458.4929538,-1.5779081461891062,6,2.0
1761200458.497954,-1.2880933379637414,6,2.0
1761200458.5029538,-1.6753135069031655,6,2.0
1761200458.507954,-1.495525265571573,6,10.0
1761200458.5129538,-1.0102168621254974,6,10.0
1761200458.517954,-0.984107787824016,6,10.0
1761200458.5229535,-1.0306402707089084,6,10.0
1761200458.527954,-1.2791876915850675,6,10.0
1761200458.5329535,-1.061110287281032,6,10.0
1761200458.537954,-1.0139140184205342,6,10.0
1761200458.5429535,-1.202493331088451,6,10.0
1761200458.5479538,-0.6239362309775205,6,10.0
1761200458.5529535,-0.6992898947905548,6,10.0
1761200458.5579538,-0.8656493618803576,6,10.0
1761200458.5629537,-0.7595316198995233,6,10.0
1761200458.5679538,-0.6636657411614562,6,10.0
1761200458.5729537,-1.051339127659657,6,10.0
1761200458.5779538,-0.6275398854261773,6,10.0
1761200458.5829537,-0.6473319994776507,6,10.0
1761200458.5879538,-0.6420734652006049,6,10.0
1761200458.5929537,-0.4270404518271246,6,10.0
1761200458.5979538,0.0611094407720858,6,33.0
1761200458.6029537,-0.096689005249465,6,33.0
1761200458.6079538,-0.2646356782337265,6,33.0
1761200458.6129537,0.0391679328360574,6,33.0
