Timestamp,SI
1742053474.9997907,0.680327868852459
1742053476.0237906,0.6885245901639344
1742053477.0477908,0.6885245901639344
1742053478.0717907,0.6885245901639344
1742053479.0957906,0.6885245901639344
1742053480.1197908,0.6885245901639344
1742053481.1437907,0.680327868852459
1742053482.1677907,0.680327868852459
1742053483.1917908,0.6721311475409836
1742053484.2157907,0.6721311475409836
1742053485.2397907,0.6721311475409836
1742053486.2637906,0.6721311475409836
1742053487.2877908,0.6721311475409836
1742053488.3117907,0.680327868852459
1742053489.3357906,0.680327868852459
1742053490.3597908,0.680327868852459
1742053491.3837907,0.680327868852459
1742053492.4077907,0.680327868852459
1742053493.4317906,0.680327868852459
1742053494.4557908,0.680327868852459
1742053495.4797907,0.6721311475409836
1742053496.5037906,0.6721311475409836
1742053497.5277908,0.6721311475409836
1742053498.5517907,0.6721311475409836
1742053499.5757906,0.680327868852459
1742053500.5997908,0.680327868852459
1742053501.6237907,0.680327868852459
1742053502.6477907,0.6885245901639344
1742053503.6717906,0.6885245901639344
1742053504.6957908,0.6885245901639344
1742053505.7197907,0.6885245901639344
1742053506.7437906,0.680327868852459
1742053507.7677908,0.680327868852459
1742053508.7917907,0.680327868852459
1742053509.8157907,0.680327868852459
1742053510.8397908,0.6721311475409836
1742053511.8637908,0.6721311475409836
1742053512.8877907,0.6721311475409836
1742053513.9117906,0.6721311475409836
1742053514.9357908,0.6721311475409836
1742053515.9597907,0.680327868852459
1742053516.9837906,0.680327868852459
1742053518.0077908,0.680327868852459
1742053519.0317907,0.680327868852459
1742053520.0557907,0.680327868852459
1742053521.0797906,0.680327868852459
1742053522.1037908,0.6721311475409836
1742053523.1277907,0.6721311475409836
1742053524.1517906,0.6721311475409836
1742053525.1757908,0.6639344262295082
1742053526.1997907,0.6639344262295082
1742053527.2237906,0.6557377049180327
1742053528.2477908,0.6557377049180327
1742053529.2717907,0.6557377049180327
1742053530.2957907,0.6639344262295082
1742053531.3197906,0.6639344262295082
1742053532.3437908,0.6639344262295082
1742053533.3677907,0.6639344262295082
1742053534.3917906,0.6639344262295082
1742053535.4157908,0.6639344262295082
1742053536.4397907,0.6639344262295082
1742053537.4637907,0.6639344262295082
1742053538.4877906,0.6557377049180327
1742053539.5117908,0.6557377049180327
1742053540.5357907,0.6557377049180327
1742053541.5597906,0.6557377049180327
1742053542.5837908,0.6557377049180327
1742053543.6077907,0.6557377049180327
1742053544.6317906,0.6557377049180327
1742053545.6557908,0.6557377049180327
1742053546.6797907,0.6557377049180327
1742053547.7037907,0.6557377049180327
1742053548.7277906,0.6475409836065574
1742053549.7517908,0.639344262295082
1742053550.7757907,0.639344262295082
1742053551.7997906,0.639344262295082
1742053552.8237908,0.639344262295082
1742053553.8477907,0.639344262295082
1742053554.8717906,0.639344262295082
1742053555.8957908,0.639344262295082
1742053556.9197907,0.639344262295082
1742053557.9437907,0.6475409836065574
1742053558.9677906,0.6475409836065574
1742053559.9917908,0.6475409836065574
1742053561.0157907,0.6475409836065574
1742053562.0397906,0.6475409836065574
1742053563.0637908,0.6557377049180327
1742053564.0877907,0.6557377049180327
1742053565.1117907,0.6557377049180327
1742053566.1357906,0.6557377049180327
1742053567.1597908,0.6639344262295082
1742053568.1837907,0.6639344262295082
1742053569.2077906,0.6639344262295082
1742053570.2317908,0.6639344262295082
1742053571.2557907,0.6639344262295082
1742053572.2797906,0.6639344262295082
1742053573.3037908,0.6639344262295082
1742053574.3277907,0.6639344262295082
1742053575.3517907,0.6557377049180327
1742053576.3757906,0.6639344262295082
1742053577.3997908,0.6639344262295082
1742053578.4237907,0.6639344262295082
1742053579.4477906,0.6639344262295082
1742053580.4717908,0.6639344262295082
1742053581.4957907,0.6639344262295082
1742053582.5197906,0.6639344262295082
1742053583.5437908,0.6639344262295082
1742053584.5677907,0.6639344262295082
1742053585.5917907,0.6639344262295082
1742053586.6157906,0.6639344262295082
1742053587.6397908,0.6639344262295082
1742053588.6637907,0.6639344262295082
1742053589.6877906,0.6639344262295082
1742053590.7117908,0.6639344262295082
1742053591.7357907,0.6557377049180327
1742053592.7597907,0.6557377049180327
1742053593.7837906,0.6557377049180327
1742053594.8077908,0.6557377049180327
1742053595.8317907,0.6557377049180327
1742053596.8557906,0.6557377049180327
1742053597.8797908,0.6639344262295082
1742053598.9037907,0.6639344262295082
1742053599.9277906,0.6639344262295082
1742053600.9517908,0.6721311475409836
1742053601.9757907,0.6721311475409836
1742053602.9997907,0.6721311475409836
1742053604.0237906,0.6721311475409836
1742053605.0477908,0.6721311475409836
1742053606.0717907,0.6721311475409836
1742053607.0957906,0.6721311475409836
1742053608.1197908,0.6721311475409836
1742053609.1437907,0.6721311475409836
1742053610.1677907,0.6721311475409836
1742053611.1917908,0.6721311475409836
1742053612.2157907,0.6721311475409836
1742053613.2397907,0.6721311475409836
1742053614.2637906,0.680327868852459
1742053615.2877908,0.680327868852459
1742053616.3117907,0.680327868852459
1742053617.3357906,0.680327868852459
1742053618.3597908,0.6885245901639344
1742053619.3837907,0.6885245901639344
1742053620.4077907,0.6967213114754098
1742053621.4317906,0.6967213114754098
1742053622.4557908,0.6967213114754098
1742053623.4797907,0.6967213114754098
1742053624.5037906,0.6967213114754098
1742053625.5277908,0.6967213114754098
1742053626.5517907,0.6885245901639344
1742053627.5757906,0.6885245901639344
1742053628.5997908,0.6885245901639344
1742053629.6237907,0.680327868852459
1742053630.6477907,0.680327868852459
1742053631.6717906,0.680327868852459
1742053632.6957908,0.6721311475409836
1742053633.7197907,0.6721311475409836
1742053634.7437906,0.6721311475409836
1742053635.7677908,0.680327868852459
1742053636.7917907,0.680327868852459
1742053637.8157907,0.680327868852459
1742053638.8397908,0.680327868852459
1742053639.8637908,0.6885245901639344
1742053640.8877907,0.6967213114754098
1742053641.9117906,0.7131147540983607
1742053642.9357908,0.7131147540983607
1742053643.9597907,0.7131147540983607
1742053644.9837906,0.7213114754098361
1742053646.0077908,0.7213114754098361
1742053647.0317907,0.7213114754098361
1742053648.0557907,0.7213114754098361
1742053649.0797906,0.7131147540983607
1742053650.1037908,0.7131147540983607
1742053651.1277907,0.7131147540983607
1742053652.1517906,0.7049180327868853
1742053653.1757908,0.7049180327868853
1742053654.1997907,0.7049180327868853
1742053655.2237906,0.7049180327868853
1742053656.2477908,0.6967213114754098
1742053657.2717907,0.6967213114754098
1742053658.2957907,0.6967213114754098
1742053659.3197906,0.6967213114754098
1742053660.3437908,0.6967213114754098
1742053661.3677907,0.7049180327868853
1742053662.3917906,0.7049180327868853
1742053663.4157908,0.7049180327868853
1742053664.4397907,0.7131147540983607
1742053665.4637907,0.7213114754098361
1742053666.4877906,0.7213114754098361
1742053667.5117908,0.7213114754098361
1742053668.5357907,0.7295081967213115
1742053669.5597906,0.7295081967213115
1742053670.5837908,0.7295081967213115
1742053671.6077907,0.7213114754098361
1742053672.6317906,0.7213114754098361
1742053673.6557908,0.7213114754098361
1742053674.6797907,0.7213114754098361
1742053675.7037907,0.7131147540983607
1742053676.7277906,0.7131147540983607
1742053677.7517908,0.7131147540983607
1742053678.7757907,0.7049180327868853
1742053679.7997906,0.7049180327868853
1742053680.8237908,0.7049180327868853
1742053681.8477907,0.7049180327868853
1742053682.8717906,0.6967213114754098
1742053683.8957908,0.6967213114754098
1742053684.9197907,0.6967213114754098
1742053685.9437907,0.6967213114754098
1742053686.9677906,0.6967213114754098
1742053687.9917908,0.6967213114754098
1742053689.0157907,0.6885245901639344
1742053690.0397906,0.680327868852459
1742053691.0637908,0.680327868852459
1742053692.0877907,0.680327868852459
1742053693.1117907,0.6721311475409836
1742053694.1357906,0.6721311475409836
1742053695.1597908,0.6639344262295082
1742053696.1837907,0.6639344262295082
1742053697.2077906,0.6557377049180327
1742053698.2317908,0.6557377049180327
1742053699.2557907,0.6557377049180327
1742053700.2797906,0.6557377049180327
1742053701.3037908,0.6639344262295082
1742053702.3277907,0.6721311475409836
1742053703.3517907,0.6721311475409836
1742053704.3757906,0.680327868852459
1742053705.3997908,0.680327868852459
1742053706.4237907,0.6885245901639344
1742053707.4477906,0.6885245901639344
1742053708.4717908,0.6967213114754098
1742053709.4957907,0.6967213114754098
1742053710.5197906,0.6967213114754098
1742053711.5437908,0.6967213114754098
1742053712.5677907,0.6967213114754098
1742053713.5917907,0.6885245901639344
1742053714.6157906,0.6885245901639344
1742053715.6397908,0.6885245901639344
1742053716.6637907,0.680327868852459
1742053717.6877906,0.680327868852459
1742053718.7117908,0.680327868852459
1742053719.7357907,0.680327868852459
1742053720.7597907,0.680327868852459
1742053721.7837906,0.6885245901639344
1742053722.8077908,0.6885245901639344
1742053723.8317907,0.6885245901639344
1742053724.8557906,0.6885245901639344
1742053725.8797908,0.6885245901639344
1742053726.9037907,0.6885245901639344
1742053727.9277906,0.6885245901639344
1742053728.9517908,0.680327868852459
1742053729.9757907,0.680327868852459
1742053730.9997907,0.6721311475409836
1742053732.0237906,0.6721311475409836
1742053733.0477908,0.6721311475409836
1742053734.0717907,0.6721311475409836
1742053735.0957906,0.6721311475409836
1742053736.1197908,0.680327868852459
1742053737.1437907,0.6885245901639344
1742053738.1677907,0.6885245901639344
1742053739.1917908,0.6885245901639344
1742053740.2157907,0.6967213114754098
1742053741.2397907,0.6967213114754098
1742053742.2637906,0.6967213114754098
1742053743.2877908,0.6885245901639344
1742053744.3117907,0.6885245901639344
1742053745.3357906,0.6885245901639344
1742053746.3597908,0.680327868852459
1742053747.3837907,0.680327868852459
1742053748.4077907,0.6721311475409836
1742053749.4317906,0.6721311475409836
1742053750.4557908,0.6721311475409836
1742053751.4797907,0.6721311475409836
1742053752.5037906,0.6721311475409836
1742053753.5277908,0.6721311475409836
1742053754.5517907,0.6721311475409836
1742053755.5757906,0.6721311475409836
1742053756.5997908,0.6721311475409836
1742053757.6237907,0.6721311475409836
1742053758.6477907,0.6721311475409836
1742053759.6717906,0.6721311475409836
1742053760.6957908,0.6721311475409836
1742053761.7197907,0.6721311475409836
1742053762.7437906,0.6721311475409836
1742053763.7677908,0.6639344262295082
1742053764.7917907,0.6639344262295082
1742053765.8157907,0.6721311475409836
1742053766.8397908,0.6721311475409836
1742053767.8637908,0.6721311475409836
1742053768.8877907,0.6721311475409836
1742053769.9117906,0.680327868852459
1742053770.9357908,0.6885245901639344
1742053771.9597907,0.6885245901639344
1742053772.9837906,0.6967213114754098
1742053774.0077908,0.6967213114754098
1742053775.0317907,0.6967213114754098
1742053776.0557907,0.6967213114754098
1742053777.0797906,0.7049180327868853
1742053778.1037908,0.7049180327868853
1742053779.1277907,0.7049180327868853
1742053780.1517906,0.7049180327868853
1742053781.1757908,0.7049180327868853
1742053782.1997907,0.7131147540983607
1742053783.2237906,0.7131147540983607
1742053784.2477908,0.7131147540983607
1742053785.2717907,0.7213114754098361
1742053786.2957907,0.7213114754098361
1742053787.3197906,0.7213114754098361
1742053788.3437908,0.7131147540983607
1742053789.3677907,0.7131147540983607
1742053790.3917906,0.7049180327868853
1742053791.4157908,0.7049180327868853
1742053792.4397907,0.7049180327868853
1742053793.4637907,0.6967213114754098
1742053794.4877906,0.6967213114754098
1742053795.5117908,0.6967213114754098
1742053796.5357907,0.7049180327868853
1742053797.5597906,0.6967213114754098
1742053798.5837908,0.6967213114754098
1742053799.6077907,0.6967213114754098
1742053800.6317906,0.6967213114754098
1742053801.6557908,0.7049180327868853
1742053802.6797907,0.7049180327868853
1742053803.7037907,0.6967213114754098
1742053804.7277906,0.6967213114754098
1742053805.7517908,0.6967213114754098
1742053806.7757907,0.6967213114754098
1742053807.7997906,0.6967213114754098
1742053808.8237908,0.6967213114754098
1742053809.8477907,0.6967213114754098
1742053810.8717906,0.6967213114754098
1742053811.8957908,0.6967213114754098
1742053812.9197907,0.6967213114754098
1742053813.9437907,0.6967213114754098
1742053814.9677906,0.6967213114754098
1742053815.9917908,0.6885245901639344
1742053817.0157907,0.680327868852459
1742053818.0397906,0.680327868852459
1742053819.0637908,0.6721311475409836
1742053820.0877907,0.6721311475409836
1742053821.1117907,0.6721311475409836
1742053822.1357906,0.6721311475409836
1742053823.1597908,0.6721311475409836
1742053824.1837907,0.6721311475409836
1742053825.2077906,0.6721311475409836
1742053826.2317908,0.6721311475409836
1742053827.2557907,0.6721311475409836
1742053828.2797906,0.6639344262295082
1742053829.3037908,0.6639344262295082
1742053830.3277907,0.6639344262295082
1742053831.3517907,0.6557377049180327
1742053832.3757906,0.6475409836065574
1742053833.3997908,0.6475409836065574
1742053834.4237907,0.6475409836065574
1742053835.4477906,0.6475409836065574
1742053836.4717908,0.6475409836065574
1742053837.4957907,0.6475409836065574
1742053838.5197906,0.6475409836065574
1742053839.5437908,0.6475409836065574
1742053840.5677907,0.6475409836065574
1742053841.5917907,0.6475409836065574
1742053842.6157906,0.6475409836065574
1742053843.6397908,0.6557377049180327
1742053844.6637907,0.6557377049180327
1742053845.6877906,0.6475409836065574
1742053846.7117908,0.6475409836065574
1742053847.7357907,0.6475409836065574
1742053848.7597907,0.6475409836065574
1742053849.7837906,0.6557377049180327
1742053850.8077908,0.6639344262295082
1742053851.8317907,0.6639344262295082
1742053852.8557906,0.6639344262295082
1742053853.8797908,0.6721311475409836
1742053854.9037907,0.6721311475409836
1742053855.9277906,0.6721311475409836
1742053856.9517908,0.6639344262295082
1742053857.9757907,0.6639344262295082
1742053858.9997907,0.6557377049180327
1742053860.0237906,0.6557377049180327
1742053861.0477908,0.6475409836065574
1742053862.0717907,0.6475409836065574
1742053863.0957906,0.6475409836065574
1742053864.1197908,0.6475409836065574
1742053865.1437907,0.6475409836065574
1742053866.1677907,0.6475409836065574
1742053867.1917908,0.6475409836065574
1742053868.2157907,0.6475409836065574
1742053869.2397907,0.6475409836065574
1742053870.2637906,0.6694915254237288
1742053871.2877908,0.6694915254237288
1742053872.3117907,0.6694915254237288
1742053873.3357906,0.6694915254237288
1742053874.3597908,0.6694915254237288
1742053875.3837907,0.6694915254237288
1742053876.4077907,0.6694915254237288
1742053877.4317906,0.6694915254237288
1742053878.4557908,0.6779661016949152
1742053879.4797907,0.6779661016949152
1742053880.5037906,0.6864406779661016
1742053881.5277908,0.6864406779661016
1742053882.5517907,0.6864406779661016
1742053883.5757906,0.6949152542372882
1742053884.5997908,0.6949152542372882
1742053885.6237907,0.6864406779661016
1742053886.6477907,0.6864406779661016
1742053887.6717906,0.6864406779661016
1742053888.6957908,0.6864406779661016
1742053889.7197907,0.6864406779661016
1742053890.7437906,0.6864406779661016
1742053891.7677908,0.6864406779661016
1742053892.7917907,0.6864406779661016
1742053893.8157907,0.6864406779661016
1742053894.8397908,0.6864406779661016
1742053895.8637908,0.6949152542372882
1742053896.8877907,0.6949152542372882
1742053897.9117906,0.6949152542372882
1742053898.9357908,0.7033898305084746
1742053899.9597907,0.7033898305084746
1742053900.9837906,0.6949152542372882
1742053902.0077908,0.6949152542372882
1742053903.0317907,0.6949152542372882
1742053904.0557907,0.6949152542372882
1742053905.0797906,0.6949152542372882
1742053906.1037908,0.6949152542372882
1742053907.1277907,0.6864406779661016
1742053908.1517906,0.6779661016949152
1742053909.1757908,0.6779661016949152
1742053910.1997907,0.6694915254237288
1742053911.2237906,0.6694915254237288
1742053912.2477908,0.6694915254237288
1742053913.2717907,0.6694915254237288
1742053914.2957907,0.6694915254237288
1742053915.3197906,0.6694915254237288
1742053916.3437908,0.6694915254237288
1742053917.3677907,0.6694915254237288
1742053918.3917906,0.6779661016949152
1742053919.4157908,0.6694915254237288
1742053920.4397907,0.6694915254237288
1742053921.4637907,0.6779661016949152
1742053922.4877906,0.6779661016949152
1742053923.5117908,0.6779661016949152
1742053924.5357907,0.6779661016949152
1742053925.5597906,0.6864406779661016
1742053926.5837908,0.6864406779661016
1742053927.6077907,0.6779661016949152
1742053928.6317906,0.6779661016949152
1742053929.6557908,0.6779661016949152
1742053930.6797907,0.6694915254237288
1742053931.7037907,0.6610169491525424
1742053932.7277906,0.6610169491525424
1742053933.7517908,0.6610169491525424
1742053934.7757907,0.652542372881356
1742053935.7997906,0.652542372881356
1742053936.8237908,0.652542372881356
1742053937.8477907,0.652542372881356
1742053938.8717906,0.652542372881356
1742053939.8957908,0.652542372881356
1742053940.9197907,0.6610169491525424
1742053941.9437907,0.6610169491525424
1742053942.9677906,0.6694915254237288
1742053943.9917908,0.6694915254237288
1742053945.0157907,0.6779661016949152
1742053946.0397906,0.6864406779661016
1742053947.0637908,0.6949152542372882
1742053948.0877907,0.6949152542372882
1742053949.1117907,0.7033898305084746
1742053950.1357906,0.7033898305084746
1742053951.1597908,0.7033898305084746
1742053952.1837907,0.711864406779661
1742053953.2077906,0.711864406779661
1742053954.2317908,0.711864406779661
1742053955.2557907,0.711864406779661
1742053956.2797906,0.711864406779661
1742053957.3037908,0.711864406779661
1742053958.3277907,0.711864406779661
1742053959.3517907,0.711864406779661
1742053960.3757906,0.711864406779661
1742053961.3997908,0.7033898305084746
1742053962.4237907,0.6949152542372882
1742053963.4477906,0.6949152542372882
1742053964.4717908,0.6864406779661016
1742053965.4957907,0.6779661016949152
1742053966.5197906,0.6779661016949152
1742053967.5437908,0.6694915254237288
1742053968.5677907,0.6694915254237288
1742053969.5917907,0.6694915254237288
1742053970.6157906,0.6694915254237288
1742053971.6397908,0.6694915254237288
1742053972.6637907,0.6694915254237288
1742053973.6877906,0.6694915254237288
1742053974.7117908,0.6694915254237288
1742053975.7357907,0.6779661016949152
1742053976.7597907,0.6779661016949152
1742053977.7837906,0.6779661016949152
1742053978.8077908,0.6779661016949152
1742053979.8317907,0.6864406779661016
1742053980.8557906,0.6864406779661016
1742053981.8797908,0.6864406779661016
1742053982.9037907,0.6864406779661016
1742053983.9277906,0.6864406779661016
1742053984.9517908,0.6864406779661016
1742053985.9757907,0.6864406779661016
1742053986.9997907,0.6779661016949152
1742053988.0237906,0.6779661016949152
1742053989.0477908,0.6779661016949152
1742053990.0717907,0.6779661016949152
1742053991.0957906,0.6779661016949152
1742053992.1197908,0.6779661016949152
1742053993.1437907,0.6779661016949152
1742053994.1677907,0.6864406779661016
1742053995.1917908,0.6864406779661016
1742053996.2157907,0.6864406779661016
1742053997.2397907,0.6864406779661016
1742053998.2637906,0.6864406779661016
1742053999.2877908,0.6779661016949152
1742054000.3117907,0.6779661016949152
1742054001.3357906,0.6694915254237288
1742054002.3597908,0.6694915254237288
1742054003.3837907,0.6610169491525424
1742054004.4077907,0.6610169491525424
1742054005.4317906,0.6610169491525424
1742054006.4557908,0.6610169491525424
1742054007.4797907,0.6610169491525424
1742054008.5037906,0.6610169491525424
1742054009.5277908,0.652542372881356
1742054010.5517907,0.635593220338983
1742054011.5757906,0.635593220338983
1742054012.5997908,0.635593220338983
1742054013.6237907,0.6186440677966102
1742054014.6477907,0.6186440677966102
1742054015.6717906,0.6186440677966102
1742054016.6957908,0.6101694915254238
1742054017.7197907,0.6186440677966102
1742054018.7437906,0.635593220338983
1742054019.7677908,0.652542372881356
1742054020.7917907,0.6610169491525424
1742054021.8157907,0.6779661016949152
1742054022.8397908,0.6949152542372882
1742054023.8637908,0.6949152542372882
1742054024.8877907,0.6949152542372882
1742054025.9117906,0.7033898305084746
1742054026.9357908,0.7033898305084746
1742054027.9597907,0.7033898305084746
1742054028.9837906,0.7033898305084746
1742054030.0077908,0.7033898305084746
1742054031.0317907,0.7033898305084746
1742054032.0557907,0.6949152542372882
1742054033.0797906,0.6949152542372882
1742054034.1037908,0.6949152542372882
1742054035.1277907,0.6949152542372882
1742054036.1517906,0.6864406779661016
1742054037.1757908,0.6864406779661016
1742054038.1997907,0.6779661016949152
1742054039.2237906,0.6779661016949152
1742054040.2477908,0.6779661016949152
1742054041.2717907,0.6779661016949152
1742054042.2957907,0.6779661016949152
1742054043.3197906,0.6779661016949152
1742054044.3437908,0.6779661016949152
1742054045.3677907,0.6779661016949152
1742054046.3917906,0.6694915254237288
1742054047.4157908,0.6694915254237288
1742054048.4397907,0.6694915254237288
1742054049.4637907,0.6694915254237288
1742054050.4877906,0.6694915254237288
1742054051.5117908,0.6694915254237288
1742054052.5357907,0.6779661016949152
1742054053.5597906,0.6779661016949152
1742054054.5837908,0.6779661016949152
1742054055.6077907,0.6779661016949152
1742054056.6317906,0.6779661016949152
1742054057.6557908,0.6864406779661016
1742054058.6797907,0.6864406779661016
1742054059.7037907,0.6864406779661016
1742054060.7277906,0.6864406779661016
1742054061.7517908,0.6864406779661016
1742054062.7757907,0.6949152542372882
1742054063.7997906,0.6949152542372882
1742054064.8237908,0.6949152542372882
1742054065.8477907,0.6949152542372882
1742054066.8717906,0.6949152542372882
1742054067.8957908,0.6949152542372882
1742054068.9197907,0.6949152542372882
1742054069.9437907,0.6949152542372882
1742054070.9677906,0.6949152542372882
1742054071.9917908,0.6949152542372882
1742054073.0157907,0.6949152542372882
1742054074.0397906,0.6949152542372882
1742054075.0637908,0.7033898305084746
1742054076.0877907,0.7033898305084746
1742054077.1117907,0.7033898305084746
1742054078.1357906,0.711864406779661
1742054079.1597908,0.711864406779661
1742054080.1837907,0.7203389830508474
1742054081.2077906,0.7203389830508474
1742054082.2317908,0.711864406779661
1742054083.2557907,0.711864406779661
1742054084.2797906,0.711864406779661
1742054085.3037908,0.711864406779661
1742054086.3277907,0.711864406779661
1742054087.3517907,0.711864406779661
1742054088.3757906,0.711864406779661
1742054089.3997908,0.711864406779661
1742054090.4237907,0.711864406779661
1742054091.4477906,0.711864406779661
1742054092.4717908,0.711864406779661
1742054093.4957907,0.7033898305084746
1742054094.5197906,0.6949152542372882
1742054095.5437908,0.6949152542372882
1742054096.5677907,0.6949152542372882
1742054097.5917907,0.6864406779661016
1742054098.6157906,0.6779661016949152
1742054099.6397908,0.6779661016949152
1742054100.6637907,0.6694915254237288
1742054101.6877906,0.6694915254237288
1742054102.7117908,0.6694915254237288
1742054103.7357907,0.6694915254237288
1742054104.7597907,0.6694915254237288
1742054105.7837906,0.6694915254237288
1742054106.8077908,0.6779661016949152
1742054107.8317907,0.6779661016949152
1742054108.8557906,0.6864406779661016
1742054109.8797908,0.6864406779661016
1742054110.9037907,0.6949152542372882
1742054111.9277906,0.6949152542372882
1742054112.9517908,0.7033898305084746
1742054113.9757907,0.7033898305084746
1742054114.9997907,0.7033898305084746
1742054116.0237906,0.7033898305084746
1742054117.0477908,0.7033898305084746
1742054118.0717907,0.6949152542372882
1742054119.0957906,0.6949152542372882
1742054120.1197908,0.6864406779661016
1742054121.1437907,0.6864406779661016
1742054122.1677907,0.6779661016949152
1742054123.1917908,0.6779661016949152
1742054124.2157907,0.6779661016949152
1742054125.2397907,0.6779661016949152
1742054126.2637906,0.6779661016949152
1742054127.2877908,0.6779661016949152
1742054128.3117907,0.6779661016949152
1742054129.3357906,0.6779661016949152
1742054130.3597908,0.6779661016949152
1742054131.3837907,0.6864406779661016
1742054132.4077907,0.6779661016949152
1742054133.4317906,0.6779661016949152
1742054134.4557908,0.6779661016949152
1742054135.4797907,0.6694915254237288
1742054136.5037906,0.6694915254237288
1742054137.5277908,0.6694915254237288
1742054138.5517907,0.6694915254237288
1742054139.5757906,0.6694915254237288
1742054140.5997908,0.6779661016949152
1742054141.6237907,0.6779661016949152
1742054142.6477907,0.6779661016949152
1742054143.6717906,0.6779661016949152
1742054144.6957908,0.6779661016949152
1742054145.7197907,0.6779661016949152
1742054146.7437906,0.6779661016949152
1742054147.7677908,0.6779661016949152
1742054148.7917907,0.6779661016949152
1742054149.8157907,0.6779661016949152
1742054150.8397908,0.6864406779661016
1742054151.8637908,0.6864406779661016
1742054152.8877907,0.6864406779661016
1742054153.9117906,0.6864406779661016
1742054154.9357908,0.6864406779661016
1742054155.9597907,0.6864406779661016
1742054156.9837906,0.6779661016949152
1742054158.0077908,0.6779661016949152
1742054159.0317907,0.6779661016949152
1742054160.0557907,0.6694915254237288
1742054161.0797906,0.6694915254237288
1742054162.1037908,0.6694915254237288
1742054163.1277907,0.6694915254237288
1742054164.1517906,0.6694915254237288
1742054165.1757908,0.6694915254237288
1742054166.1997907,0.6779661016949152
1742054167.2237906,0.6779661016949152
1742054168.2477908,0.6864406779661016
1742054169.2717907,0.6864406779661016
1742054170.2957907,0.6864406779661016
1742054171.3197906,0.6949152542372882
1742054172.3437908,0.6949152542372882
1742054173.3677907,0.6864406779661016
1742054174.3917906,0.6864406779661016
1742054175.4157908,0.6864406779661016
1742054176.4397907,0.6864406779661016
1742054177.4637907,0.6864406779661016
1742054178.4877906,0.6864406779661016
1742054179.5117908,0.6779661016949152
1742054180.5357907,0.6779661016949152
1742054181.5597906,0.6779661016949152
1742054182.5837908,0.6694915254237288
1742054183.6077907,0.6694915254237288
1742054184.6317906,0.6694915254237288
1742054185.6557908,0.6694915254237288
1742054186.6797907,0.6694915254237288
1742054187.7037907,0.6694915254237288
1742054188.7277906,0.6779661016949152
1742054189.7517908,0.6779661016949152
1742054190.7757907,0.6864406779661016
1742054191.7997906,0.6864406779661016
1742054192.8237908,0.6949152542372882
1742054193.8477907,0.6949152542372882
1742054194.8717906,0.6949152542372882
1742054195.8957908,0.7033898305084746
1742054196.9197907,0.7033898305084746
1742054197.9437907,0.7033898305084746
1742054198.9677906,0.7033898305084746
1742054199.9917908,0.7033898305084746
1742054201.0157907,0.7033898305084746
1742054202.0397906,0.7033898305084746
1742054203.0637908,0.7033898305084746
1742054204.0877907,0.711864406779661
1742054205.1117907,0.711864406779661
1742054206.1357906,0.711864406779661
1742054207.1597908,0.711864406779661
1742054208.1837907,0.7203389830508474
1742054209.2077906,0.7288135593220338
1742054210.2317908,0.7288135593220338
1742054211.2557907,0.7288135593220338
1742054212.2797906,0.7372881355932204
1742054213.3037908,0.7372881355932204
1742054214.3277907,0.7372881355932204
1742054215.3517907,0.7288135593220338
1742054216.3757906,0.7288135593220338
1742054217.3997908,0.7203389830508474
1742054218.4237907,0.7203389830508474
1742054219.4477906,0.711864406779661
1742054220.4717908,0.7033898305084746
1742054221.4957907,0.6949152542372882
1742054222.5197906,0.6949152542372882
1742054223.5437908,0.6949152542372882
1742054224.5677907,0.7033898305084746
1742054225.5917907,0.7033898305084746
1742054226.6157906,0.7033898305084746
1742054227.6397908,0.7033898305084746
1742054228.6637907,0.7033898305084746
1742054229.6877906,0.7033898305084746
1742054230.7117908,0.711864406779661
1742054231.7357907,0.7033898305084746
1742054232.7597907,0.7033898305084746
1742054233.7837906,0.7033898305084746
1742054234.8077908,0.7033898305084746
1742054235.8317907,0.6949152542372882
1742054236.8557906,0.6949152542372882
1742054237.8797908,0.6949152542372882
1742054238.9037907,0.6949152542372882
1742054239.9277906,0.6949152542372882
1742054240.9517908,0.6949152542372882
1742054241.9757907,0.6949152542372882
1742054242.9997907,0.6864406779661016
1742054244.0237906,0.6864406779661016
1742054245.0477908,0.6864406779661016
1742054246.0717907,0.6779661016949152
1742054247.0957906,0.6694915254237288
1742054248.1197908,0.6694915254237288
1742054249.1437907,0.6694915254237288
1742054250.1677907,0.6694915254237288
1742054251.1917908,0.6694915254237288
1742054252.2157907,0.6779661016949152
1742054253.2397907,0.6779661016949152
1742054254.2637906,0.6779661016949152
1742054255.2877908,0.6779661016949152
1742054256.3117907,0.6864406779661016
1742054257.3357906,0.6864406779661016
1742054258.3597908,0.6864406779661016
1742054259.3837907,0.6864406779661016
1742054260.4077907,0.6864406779661016
1742054261.4317906,0.6864406779661016
1742054262.4557908,0.6864406779661016
1742054263.4797907,0.6864406779661016
1742054264.5037906,0.6864406779661016
1742054265.5277908,0.6949152542372882
1742054266.5517907,0.6949152542372882
1742054267.5757906,0.6949152542372882
1742054268.5997908,0.6949152542372882
1742054269.6237907,0.6949152542372882
1742054270.6477907,0.6949152542372882
1742054271.6717906,0.6949152542372882
1742054272.6957908,0.6949152542372882
1742054273.7197907,0.6864406779661016
1742054274.7437906,0.6864406779661016
1742054275.7677908,0.6864406779661016
1742054276.7917907,0.6864406779661016
1742054277.8157907,0.6949152542372882
1742054278.8397908,0.6949152542372882
1742054279.8637908,0.6949152542372882
1742054280.8877907,0.6949152542372882
1742054281.9117906,0.6949152542372882
1742054282.9357908,0.6949152542372882
1742054283.9597907,0.7033898305084746
1742054284.9837906,0.7033898305084746
1742054286.0077908,0.7033898305084746
1742054287.0317907,0.7033898305084746
1742054288.0557907,0.7033898305084746
1742054289.0797906,0.6949152542372882
1742054290.1037908,0.6949152542372882
1742054291.1277907,0.6949152542372882
1742054292.1517906,0.6949152542372882
1742054293.1757908,0.6949152542372882
1742054294.1997907,0.7033898305084746
1742054295.2237906,0.7033898305084746
1742054296.2477908,0.7033898305084746
1742054297.2717907,0.711864406779661
1742054298.2957907,0.711864406779661
1742054299.3197906,0.711864406779661
1742054300.3437908,0.711864406779661
1742054301.3677907,0.7033898305084746
1742054302.3917906,0.7033898305084746
1742054303.4157908,0.6949152542372882
1742054304.4397907,0.6864406779661016
1742054305.4637907,0.6864406779661016
1742054306.4877906,0.6864406779661016
1742054307.5117908,0.6779661016949152
1742054308.5357907,0.6694915254237288
1742054309.5597906,0.6694915254237288
1742054310.5837908,0.6694915254237288
1742054311.6077907,0.6694915254237288
1742054312.6317906,0.6694915254237288
1742054313.6557908,0.6694915254237288
1742054314.6797907,0.6694915254237288
1742054315.7037907,0.6779661016949152
1742054316.7277906,0.6779661016949152
1742054317.7517908,0.6779661016949152
1742054318.7757907,0.6779661016949152
1742054319.7997906,0.6864406779661016
1742054320.8237908,0.6864406779661016
1742054321.8477907,0.6864406779661016
1742054322.8717906,0.6864406779661016
1742054323.8957908,0.6949152542372882
1742054324.9197907,0.6949152542372882
1742054325.9437907,0.6949152542372882
1742054326.9677906,0.6864406779661016
1742054327.9917908,0.6864406779661016
1742054329.0157907,0.6864406779661016
1742054330.0397906,0.6864406779661016
1742054331.0637908,0.6864406779661016
1742054332.0877907,0.6864406779661016
1742054333.1117907,0.6864406779661016
1742054334.1357906,0.6864406779661016
1742054335.1597908,0.6864406779661016
1742054336.1837907,0.6864406779661016
1742054337.2077906,0.6864406779661016
1742054338.2317908,0.6864406779661016
1742054339.2557907,0.6779661016949152
1742054340.2797906,0.6779661016949152
1742054341.3037908,0.6779661016949152
1742054342.3277907,0.6694915254237288
1742054343.3517907,0.6694915254237288
1742054344.3757906,0.6694915254237288
1742054345.3997908,0.6610169491525424
1742054346.4237907,0.6610169491525424
1742054347.4477906,0.652542372881356
1742054348.4717908,0.652542372881356
1742054349.4957907,0.6610169491525424
1742054350.5197906,0.6610169491525424
1742054351.5437908,0.6610169491525424
1742054352.5677907,0.6610169491525424
1742054353.5917907,0.6610169491525424
1742054354.6157906,0.6610169491525424
1742054355.6397908,0.6610169491525424
1742054356.6637907,0.6694915254237288
1742054357.6877906,0.6694915254237288
1742054358.7117908,0.6694915254237288
1742054359.7357907,0.6694915254237288
1742054360.7597907,0.6610169491525424
1742054361.7837906,0.6610169491525424
1742054362.8077908,0.6610169491525424
1742054363.8317907,0.6610169491525424
1742054364.8557906,0.6610169491525424
1742054365.8797908,0.6610169491525424
1742054366.9037907,0.6610169491525424
1742054367.9277906,0.6610169491525424
1742054368.9517908,0.6694915254237288
1742054369.9757907,0.6694915254237288
1742054370.9997907,0.6779661016949152
1742054372.0237906,0.6779661016949152
1742054373.0477908,0.6864406779661016
1742054374.0717907,0.6864406779661016
1742054375.0957906,0.6864406779661016
1742054376.1197908,0.6949152542372882
1742054377.1437907,0.6949152542372882
1742054378.1677907,0.6864406779661016
1742054379.1917908,0.6864406779661016
1742054380.2157907,0.6864406779661016
1742054381.2397907,0.6779661016949152
1742054382.2637906,0.6779661016949152
1742054383.2877908,0.6779661016949152
1742054384.3117907,0.6779661016949152
1742054385.3357906,0.6694915254237288
1742054386.3597908,0.6694915254237288
1742054387.3837907,0.6779661016949152
1742054388.4077907,0.6779661016949152
1742054389.4317906,0.6779661016949152
1742054390.4557908,0.6779661016949152
1742054391.4797907,0.6779661016949152
1742054392.5037906,0.6779661016949152
1742054393.5277908,0.6694915254237288
1742054394.5517907,0.6694915254237288
1742054395.5757906,0.6694915254237288
1742054396.5997908,0.6694915254237288
1742054397.6237907,0.6694915254237288
1742054398.6477907,0.6694915254237288
1742054399.6717906,0.6779661016949152
1742054400.6957908,0.6779661016949152
1742054401.7197907,0.6779661016949152
1742054402.7437906,0.6779661016949152
1742054403.7677908,0.6864406779661016
1742054404.7917907,0.6864406779661016
1742054405.8157907,0.6864406779661016
1742054406.8397908,0.6864406779661016
1742054407.8637908,0.6864406779661016
1742054408.8877907,0.6864406779661016
1742054409.9117906,0.6864406779661016
1742054410.9357908,0.6864406779661016
1742054411.9597907,0.6864406779661016
1742054412.9837906,0.6864406779661016
1742054414.0077908,0.6864406779661016
1742054415.0317907,0.6949152542372882
1742054416.0557907,0.6949152542372882
1742054417.0797906,0.7033898305084746
1742054418.1037908,0.7033898305084746
1742054419.1277907,0.7033898305084746
1742054420.1517906,0.7033898305084746
1742054421.1757908,0.7033898305084746
1742054422.1997907,0.7033898305084746
1742054423.2237906,0.6949152542372882
1742054424.2477908,0.6949152542372882
1742054425.2717907,0.6949152542372882
1742054426.2957907,0.6864406779661016
1742054427.3197906,0.6779661016949152
1742054428.3437908,0.6779661016949152
1742054429.3677907,0.6779661016949152
1742054430.3917906,0.6864406779661016
1742054431.4157908,0.6864406779661016
1742054432.4397907,0.6864406779661016
1742054433.4637907,0.6864406779661016
1742054434.4877906,0.6864406779661016
1742054435.5117908,0.6864406779661016
1742054436.5357907,0.6833333333333333
1742054437.5597906,0.675
1742054438.5837908,0.675
1742054439.6077907,0.675
1742054440.6317906,0.6666666666666666
1742054441.6557908,0.6583333333333333
1742054442.6797907,0.6583333333333333
1742054443.7037907,0.6583333333333333
1742054444.7277906,0.6583333333333333
1742054445.7517908,0.6583333333333333
1742054446.7757907,0.6583333333333333
1742054447.7997906,0.6583333333333333
1742054448.8237908,0.6583333333333333
1742054449.8477907,0.6583333333333333
1742054450.8717906,0.6583333333333333
1742054451.8957908,0.6583333333333333
1742054452.9197907,0.6583333333333333
1742054453.9437907,0.6583333333333333
1742054454.9677906,0.6583333333333333
1742054455.9917908,0.6583333333333333
1742054457.0157907,0.6583333333333333
1742054458.0397906,0.6583333333333333
1742054459.0637908,0.6583333333333333
1742054460.0877907,0.6666666666666666
1742054461.1117907,0.6666666666666666
1742054462.1357906,0.6666666666666666
1742054463.1597908,0.6666666666666666
1742054464.1837907,0.6666666666666666
1742054465.2077906,0.6666666666666666
1742054466.2317908,0.6666666666666666
1742054467.2557907,0.6451612903225806
1742054468.2797906,0.6370967741935484
1742054469.3037908,0.6290322580645161
1742054470.3277907,0.6290322580645161
1742054471.3517907,0.6290322580645161
1742054472.3757906,0.6209677419354839
1742054473.3997908,0.6209677419354839
1742054474.4237907,0.6209677419354839
1742054475.4477906,0.6290322580645161
1742054476.4717908,0.6290322580645161
1742054477.4957907,0.6290322580645161
1742054478.5197906,0.6290322580645161
1742054479.5437908,0.6290322580645161
1742054480.5677907,0.6290322580645161
1742054481.5917907,0.6290322580645161
1742054482.6157906,0.6370967741935484
1742054483.6397908,0.6451612903225806
1742054484.6637907,0.6451612903225806
1742054485.6877906,0.6451612903225806
1742054486.7117908,0.6532258064516129
1742054487.7357907,0.6532258064516129
1742054488.7597907,0.6612903225806451
1742054489.7837906,0.6612903225806451
1742054490.8077908,0.6612903225806451
1742054491.8317907,0.6532258064516129
1742054492.8557906,0.6532258064516129
1742054493.8797908,0.6612903225806451
1742054494.9037907,0.6612903225806451
1742054495.9277906,0.6612903225806451
1742054496.9517908,0.6612903225806451
1742054497.9757907,0.6612903225806451
1742054498.9997907,0.6693548387096774
1742054500.0237906,0.6693548387096774
1742054501.0477908,0.6693548387096774
1742054502.0717907,0.6612903225806451
1742054503.0957906,0.6612903225806451
1742054504.1197908,0.6612903225806451
1742054505.1437907,0.6532258064516129
1742054506.1677907,0.6532258064516129
1742054507.1917908,0.6451612903225806
1742054508.2157907,0.6451612903225806
1742054509.2397907,0.6370967741935484
1742054510.2637906,0.6370967741935484
1742054511.2877908,0.6370967741935484
1742054512.3117907,0.6370967741935484
1742054513.3357906,0.6451612903225806
1742054514.3597908,0.6451612903225806
1742054515.3837907,0.6451612903225806
1742054516.4077907,0.6451612903225806
1742054517.4317906,0.6451612903225806
1742054518.4557908,0.6451612903225806
1742054519.4797907,0.6451612903225806
1742054520.5037906,0.6370967741935484
1742054521.5277908,0.6290322580645161
1742054522.5517907,0.6290322580645161
1742054523.5757906,0.6290322580645161
1742054524.5997908,0.6209677419354839
1742054525.6237907,0.6209677419354839
1742054526.6477907,0.6209677419354839
1742054527.6717906,0.6209677419354839
1742054528.6957908,0.6209677419354839
1742054529.7197907,0.6209677419354839
1742054530.7437906,0.6209677419354839
1742054531.7677908,0.6209677419354839
1742054532.7917907,0.6290322580645161
1742054533.8157907,0.6290322580645161
1742054534.8397908,0.6290322580645161
1742054535.8637908,0.6370967741935484
1742054536.8877907,0.6370967741935484
1742054537.9117906,0.6370967741935484
1742054538.9357908,0.6451612903225806
1742054539.9597907,0.6451612903225806
1742054540.9837906,0.6451612903225806
1742054542.0077908,0.6451612903225806
1742054543.0317907,0.6451612903225806
1742054544.0557907,0.6451612903225806
1742054545.0797906,0.6532258064516129
1742054546.1037908,0.6532258064516129
1742054547.1277907,0.6532258064516129
1742054548.1517906,0.6612903225806451
1742054549.1757908,0.6532258064516129
1742054550.1997907,0.6532258064516129
1742054551.2237906,0.6532258064516129
1742054552.2477908,0.6451612903225806
1742054553.2717907,0.6370967741935484
1742054554.2957907,0.6370967741935484
1742054555.3197906,0.6290322580645161
1742054556.3437908,0.6290322580645161
1742054557.3677907,0.6209677419354839
1742054558.3917906,0.6209677419354839
1742054559.4157908,0.6209677419354839
1742054560.4397907,0.6129032258064516
1742054561.4637907,0.6129032258064516
1742054562.4877906,0.6129032258064516
1742054563.5117908,0.6129032258064516
1742054564.5357907,0.6048387096774194
1742054565.5597906,0.6048387096774194
1742054566.5837908,0.6129032258064516
1742054567.6077907,0.6129032258064516
1742054568.6317906,0.6048387096774194
1742054569.6557908,0.6048387096774194
1742054570.6797907,0.6129032258064516
1742054571.7037907,0.6129032258064516
1742054572.7277906,0.6129032258064516
1742054573.7517908,0.6129032258064516
1742054574.7757907,0.6129032258064516
1742054575.7997906,0.6129032258064516
1742054576.8237908,0.6129032258064516
1742054577.8477907,0.6048387096774194
1742054578.8717906,0.6048387096774194
1742054579.8957908,0.6048387096774194
1742054580.9197907,0.6048387096774194
1742054581.9437907,0.6048387096774194
1742054582.9677906,0.6048387096774194
1742054583.9917908,0.6129032258064516
1742054585.0157907,0.6129032258064516
1742054586.0397906,0.6129032258064516
1742054587.0637908,0.6129032258064516
1742054588.0877907,0.6129032258064516
1742054589.1117907,0.6129032258064516
1742054590.1357906,0.6129032258064516
1742054591.1597908,0.6129032258064516
1742054592.1837907,0.6129032258064516
1742054593.2077906,0.6129032258064516
1742054594.2317908,0.6129032258064516
1742054595.2557907,0.6129032258064516
1742054596.2797906,0.6129032258064516
1742054597.3037908,0.6048387096774194
1742054598.3277907,0.6048387096774194
1742054599.3517907,0.6048387096774194
1742054600.3757906,0.6048387096774194
1742054601.3997908,0.6048387096774194
1742054602.4237907,0.6048387096774194
1742054603.4477906,0.6048387096774194
1742054604.4717908,0.6048387096774194
1742054605.4957907,0.6048387096774194
1742054606.5197906,0.6048387096774194
1742054607.5437908,0.6048387096774194
1742054608.5677907,0.6048387096774194
1742054609.5917907,0.6129032258064516
1742054610.6157906,0.6129032258064516
1742054611.6397908,0.6209677419354839
1742054612.6637907,0.6290322580645161
1742054613.6877906,0.6370967741935484
1742054614.7117908,0.6370967741935484
1742054615.7357907,0.6532258064516129
1742054616.7597907,0.6612903225806451
1742054617.7837906,0.6693548387096774
1742054618.8077908,0.6693548387096774
1742054619.8317907,0.6774193548387096
1742054620.8557906,0.6774193548387096
1742054621.8797908,0.6774193548387096
1742054622.9037907,0.6774193548387096
1742054623.9277906,0.6774193548387096
1742054624.9517908,0.6693548387096774
1742054625.9757907,0.6612903225806451
1742054626.9997907,0.6612903225806451
1742054628.0237906,0.6532258064516129
1742054629.0477908,0.6451612903225806
1742054630.0717907,0.6451612903225806
1742054631.0957906,0.6370967741935484
1742054632.1197908,0.6290322580645161
1742054633.1437907,0.6290322580645161
1742054634.1677907,0.6290322580645161
1742054635.1917908,0.6370967741935484
1742054636.2157907,0.6370967741935484
1742054637.2397907,0.6370967741935484
1742054638.2637906,0.6451612903225806
1742054639.2877908,0.6451612903225806
1742054640.3117907,0.6451612903225806
1742054641.3357906,0.6451612903225806
1742054642.3597908,0.6451612903225806
1742054643.3837907,0.6451612903225806
1742054644.4077907,0.6451612903225806
1742054645.4317906,0.6451612903225806
1742054646.4557908,0.6532258064516129
1742054647.4797907,0.6612903225806451
1742054648.5037906,0.6612903225806451
1742054649.5277908,0.6612903225806451
1742054650.5517907,0.6693548387096774
1742054651.5757906,0.6774193548387096
1742054652.5997908,0.6774193548387096
1742054653.6237907,0.6774193548387096
1742054654.6477907,0.6774193548387096
1742054655.6717906,0.6693548387096774
1742054656.6957908,0.6693548387096774
1742054657.7197907,0.6693548387096774
1742054658.7437906,0.6612903225806451
1742054659.7677908,0.6612903225806451
1742054660.7917907,0.6612903225806451
1742054661.8157907,0.6532258064516129
1742054662.8397908,0.6451612903225806
1742054663.8637908,0.6451612903225806
1742054664.8877907,0.6451612903225806
1742054665.9117906,0.6370967741935484
1742054666.9357908,0.6370967741935484
1742054667.9597907,0.6290322580645161
1742054668.9837906,0.6290322580645161
1742054670.0077908,0.6290322580645161
1742054671.0317907,0.6290322580645161
1742054672.0557907,0.6290322580645161
1742054673.0797906,0.6290322580645161
1742054674.1037908,0.6290322580645161
1742054675.1277907,0.6290322580645161
1742054676.1517906,0.6290322580645161
1742054677.1757908,0.6290322580645161
1742054678.1997907,0.6370967741935484
1742054679.2237906,0.6370967741935484
1742054680.2477908,0.6370967741935484
1742054681.2717907,0.6451612903225806
1742054682.2957907,0.6451612903225806
1742054683.3197906,0.6451612903225806
1742054684.3437908,0.6451612903225806
1742054685.3677907,0.6451612903225806
1742054686.3917906,0.6451612903225806
1742054687.4157908,0.6451612903225806
1742054688.4397907,0.6451612903225806
1742054689.4637907,0.6370967741935484
1742054690.4877906,0.6370967741935484
1742054691.5117908,0.6370967741935484
1742054692.5357907,0.6290322580645161
1742054693.5597906,0.6290322580645161
1742054694.5837908,0.6290322580645161
1742054695.6077907,0.6290322580645161
1742054696.6317906,0.6209677419354839
1742054697.6557908,0.6209677419354839
1742054698.6797907,0.6209677419354839
1742054699.7037907,0.6209677419354839
1742054700.7277906,0.6209677419354839
1742054701.7517908,0.6209677419354839
1742054702.7757907,0.6129032258064516
1742054703.7997906,0.6129032258064516
1742054704.8237908,0.6129032258064516
1742054705.8477907,0.6209677419354839
1742054706.8717906,0.6209677419354839
1742054707.8957908,0.6290322580645161
1742054708.9197907,0.6290322580645161
1742054709.9437907,0.6290322580645161
1742054710.9677906,0.6290322580645161
1742054711.9917908,0.6370967741935484
1742054713.0157907,0.6290322580645161
1742054714.0397906,0.6290322580645161
1742054715.0637908,0.6290322580645161
1742054716.0877907,0.6209677419354839
1742054717.1117907,0.6209677419354839
1742054718.1357906,0.6209677419354839
1742054719.1597908,0.6129032258064516
1742054720.1837907,0.6129032258064516
1742054721.2077906,0.6129032258064516
1742054722.2317908,0.6129032258064516
1742054723.2557907,0.6129032258064516
1742054724.2797906,0.6129032258064516
1742054725.3037908,0.6129032258064516
1742054726.3277907,0.6129032258064516
1742054727.3517907,0.6129032258064516
1742054728.3757906,0.6129032258064516
1742054729.3997908,0.6129032258064516
1742054730.4237907,0.6129032258064516
1742054731.4477906,0.6129032258064516
1742054732.4717908,0.6209677419354839
1742054733.4957907,0.6209677419354839
1742054736.1317906,0.6290322580645161
1742054737.1557908,0.6290322580645161
1742054738.1797907,0.6290322580645161
1742054739.2037907,0.6290322580645161
1742054740.2277906,0.6290322580645161
1742054741.2517908,0.6290322580645161
1742054742.2757907,0.6290322580645161
1742054743.2997906,0.6209677419354839
1742054744.3237908,0.6129032258064516
1742054745.3477907,0.6129032258064516
1742054746.3717906,0.6129032258064516
1742054747.3957908,0.6048387096774194
1742054748.4197907,0.6048387096774194
1742054749.4437907,0.5967741935483871
1742054750.4677906,0.5967741935483871
1742054751.4917908,0.5967741935483871
1742054752.5157907,0.5967741935483871
1742054753.5397906,0.5967741935483871
1742054754.5637908,0.5967741935483871
1742054755.5877907,0.5967741935483871
1742054756.6117907,0.5967741935483871
1742054757.6357906,0.5967741935483871
1742054758.6597908,0.6048387096774194
1742054759.6837907,0.6048387096774194
1742054760.7077906,0.6048387096774194
1742054761.7317908,0.6048387096774194
1742054762.7557907,0.6048387096774194
1742054763.7797906,0.6048387096774194
1742054764.8037908,0.6048387096774194
1742054765.8277907,0.6048387096774194
1742054766.8517907,0.6048387096774194
1742054767.8757906,0.6048387096774194
1742054768.8997908,0.6048387096774194
1742054769.9237907,0.6048387096774194
1742054770.9477906,0.6048387096774194
1742054771.9717908,0.6048387096774194
1742054772.9957907,0.6048387096774194
1742054774.0197906,0.6048387096774194
1742054775.0437908,0.6048387096774194
1742054776.0677907,0.6048387096774194
1742054777.0917907,0.6048387096774194
1742054778.1157906,0.6129032258064516
1742054779.1397908,0.6129032258064516
1742054780.1637907,0.6129032258064516
1742054781.1877906,0.6048387096774194
1742054782.2117908,0.6048387096774194
1742054783.2357907,0.6048387096774194
1742054784.2597907,0.6048387096774194
1742054785.2837906,0.6048387096774194
1742054786.3077908,0.6048387096774194
